payment_id,vendor_name,invoice_number,amount,payment_date,payment_method
PMT-00817,Cascade Telecom,INV-008-89674,559.12,2024-01-01,ACH
PMT-00363,Pinehurst Cleaning Services,INV-032-26152,3340.33,2024-01-02,ACH
PMT-00064,Cascade Travel Services,INV-009-33907,993.15,2024-01-02,Check
PMT-00511,Silverline Utilities,INV-041-60077,811.8,2024-01-02,ACH
PMT-00694,Lumen Utilities,INV-028-73991,2833.52,2024-01-03,Card
PMT-00704,Lumen Telecom,INV-027-45060,599.72,2024-01-04,Check
PMT-00298,Lumen Telecom,INV-027-28030,2054.83,2024-01-04,ACH
PMT-00567,Harbor IT Services,INV-018-58322,3120.53,2024-01-04,ACH
PMT-00513,Ironclad Staffing Solutions,INV-023-96791,2871.69,2024-01-04,ACH
PMT-00755,Silverline Freight,INV-039-88675,624.77,2024-01-04,ACH
PMT-00904,Silverline Utilities LLC,INV-041-60077,811.8,2024-01-04,Check
PMT-00086,Lumen Telecom,INV-027-23413,5331.66,2024-01-05,ACH
PMT-00125,Beacon Maintenance Corp,INV-001-67015,709.4,2024-01-06,Card
PMT-00053,Harbor Equipment Rental,INV-017-52010,413.79,2024-01-06,ACH
PMT-00290,Pinehurst Office Solutions,INV-035-80327,4445.41,2024-01-07,ACH
PMT-00887,Ironclad Equipment Rental,INV-022-58475,9029.33,2024-01-08,Check
PMT-00107,Redwood Marketing Partners,INV-038-12993,1932.39,2024-01-08,ACH
PMT-00382,Cascade Freight,INV-006-24254,693.32,2024-01-09,ACH
PMT-00687,Silverline Freight,INV-039-27413,971.81,2024-01-09,Check
PMT-00336,Coastal Legal Services,INV-011-80128,2958.14,2024-01-10,Check
PMT-00496,Vantage Supply Co.,INV-045-98205,1395.62,2024-01-10,ACH
PMT-00032,Vertex Analytics,INV-046-68263,1213.29,2024-01-10,ACH
PMT-00529,Crestview Legal Services,INV-014-27582,1556.44,2024-01-10,Check
PMT-00296,Pinehurst Office Solutions,INV-035-37417,3130.61,2024-01-10,Check
PMT-00446,Union Cleaning Services,INV-043-90477,2379.29,2024-01-11,Wire
PMT-00563,Crestview Legal Services,INV-014-43027,368.41,2024-01-11,ACH
PMT-00418,Vertex Travel Services,INV-049-82891,1276.01,2024-01-11,Check
PMT-00811,Lumen Telecom,INV-027-69094,2922.96,2024-01-12,ACH
PMT-00162,Ironclad Equipment Rental,INV-022-47588,5048.56,2024-01-12,Wire
PMT-00637,Harbor Office Solutions,INV-019-27998,2807.52,2024-01-12,ACH
PMT-00888,Ironclad Equipment Rental,INV-022-67644,9874.84,2024-01-12,ACH
PMT-00394,Harbor Travel Services,INV-020-82242,1272.11,2024-01-13,Wire
PMT-00485,Cobalt Utilities,INV-012-79393,2096.51,2024-01-13,ACH
PMT-00780,Vertex Software Inc.,INV-047-13166,154.09,2024-01-13,ACH
PMT-00569,Lumen Utilities,INV-028-19537,692.3,2024-01-14,ACH
PMT-00088,Silverline Waste Management,INV-042-19102,2933.01,2024-01-14,Check
PMT-00267,Vantage Supply Co.,INV-045-60992,3423.03,2024-01-15,ACH
PMT-00772,Silverline Waste Management,INV-042-35614,5675.18,2024-01-15,ACH
PMT-00825,Pinehurst Security Systems,INV-036-45138,1695.54,2024-01-15,ACH
PMT-00037,Lumen Cleaning Services,INV-025-24426,2506.62,2024-01-15,Card
PMT-00099,Cascade Catering,INV-005-26857,1784.65,2024-01-15,Check
PMT-00573,Cascade Travel Services,INV-009-65368,542.89,2024-01-15,Card
PMT-00760,Ironclad Staffing Solutions,INV-023-44956,4560.02,2024-01-16,ACH
PMT-00488,Lumen Catering,INV-024-95031,2482.2,2024-01-16,ACH
PMT-00420,Cascade Telecom,INV-008-43515,759.7,2024-01-17,ACH
PMT-00671,Vertex Travel Services,INV-049-69679,907.11,2024-01-17,Card
PMT-00229,Lumen Catering,INV-024-10751,1308.94,2024-01-17,ACH
PMT-00417,Vertex Travel Services,INV-049-41774,1968.14,2024-01-17,Check
PMT-00275,Blue Ridge Analytics,INV-002-76010,3324.65,2024-01-18,Check
PMT-00716,Vertex Staffing Solutions,INV-048-20405,1296.34,2024-01-18,ACH
PMT-00239,Cascade Travel Services,INV-009-84009,376.84,2024-01-18,ACH
PMT-00348,Pinehurst Facilities Management,INV-033-82564,852.73,2024-01-19,ACH
PMT-00672,Harbor Travel Services,INV-020-86456,1011.16,2024-01-19,ACH
PMT-00695,Beacon Logistics,INV-000-52863,857.24,2024-01-20,Card
PMT-00115,Silverline Office Solutions,INV-040-94435,2757.27,2024-01-21,ACH
PMT-00680,Coastal Legal Services,INV-011-12147,828.81,2024-01-22,Wire
PMT-00778,Vertex Travel Services,INV-049-69670,653.52,2024-01-22,Check
PMT-00286,Cascade Travel Services,INV-009-78547,900.17,2024-01-22,ACH
PMT-00787,Crestview Legal Services,INV-014-97971,708.22,2024-01-22,ACH
PMT-00428,Cobalt Utilities,INV-012-38447,2256.48,2024-01-23,ACH
PMT-00109,Coastal Legal Services,INV-011-44410,627.96,2024-01-23,Check
PMT-00187,Lumen Maintenance Corp,INV-026-21083,3353.65,2024-01-23,ACH
PMT-00701,Pinehurst Security Systems,INV-036-22172,2353.74,2024-01-24,ACH
PMT-00344,Vertex Software Inc.,INV-047-92262,693.18,2024-01-24,ACH
PMT-00186,Crestview Legal Services,INV-014-27798,296.29,2024-01-24,Check
PMT-00452,Vantage Supply Co.,INV-045-56703,1329.45,2024-01-24,ACH
PMT-00730,Ironclad Staffing Solutions,INV-023-60551,879.41,2024-01-25,Wire
PMT-00753,Pinehurst Landscaping,INV-034-36166,2315.57,2024-01-25,ACH
PMT-00066,Redwood Cleaning Services,INV-037-14371,5812.48,2024-01-28,Check
PMT-00878,Silverline Freight,INV-039-25608,9046.41,2024-01-28,Wire
PMT-00669,Pinehurst Cleaning Services,INV-032-16824,22777.14,2024-01-28,Check
PMT-00193,Blue Ridge Analytics,INV-002-41301,1188.05,2024-01-29,ACH
PMT-00047,Redwood Cleaning Services,INV-037-68861,762.54,2024-01-30,ACH
PMT-00612,Ironclad Equipment Rental,INV-022-68388,1667.23,2024-01-31,Wire
PMT-00455,Beacon Maintenance Corp,INV-001-78137,279.21,2024-01-31,ACH
PMT-00754,Pinehurst Security Systems,INV-036-13263,774.09,2024-01-31,ACH
PMT-00877,Silverline Freight,INV-039-19236,9109.56,2024-01-31,Wire
PMT-00803,Silverline Waste Management,INV-042-84197,3561.98,2024-02-01,ACH
PMT-00245,Cascade Freight,INV-006-11468,348.71,2024-02-01,Check
PMT-00143,Meridian Travel Services,INV-029-44475,24006.86,2024-02-01,ACH
PMT-00097,Vertex Staffing Solutions,INV-048-56157,1347.19,2024-02-01,ACH
PMT-00777,Blue Ridge Analytics,INV-002-72306,929.89,2024-02-01,Check
PMT-00851,Cobalt Utilities,INV-012-38447,2256.48,2024-02-02,Card
PMT-00463,Falcon Facilities Management,INV-015-43787,397.02,2024-02-02,ACH
PMT-00702,Ironclad Staffing Solutions,INV-023-97973,4777.57,2024-02-02,Card
PMT-00098,Pinehurst Facilities Management,INV-033-95375,263.73,2024-02-03,ACH
PMT-00036,Cascade Catering,INV-005-50368,3019.51,2024-02-03,ACH
PMT-00800,Meridian Travel Services,INV-029-79374,1906.5,2024-02-04,ACH
PMT-00232,Meridian Travel Services,INV-029-22347,1639.88,2024-02-04,Card
PMT-00085,Cascade Office Solutions,INV-007-17596,2651.33,2024-02-04,Wire
PMT-00718,Vertex Analytics,INV-046-39230,293.05,2024-02-04,ACH
PMT-00896,Silverline Waste Management LLC,INV-042-84197,3561.98,2024-02-05,Card
PMT-00128,Crestview Legal Services,INV-014-87780,170.26,2024-02-06,ACH
PMT-00510,Pinehurst Security Systems,INV-036-69287,585.03,2024-02-06,Check
PMT-00313,Falcon Facilities Management,INV-015-94893,3755.38,2024-02-07,Check
PMT-00139,Lumen Cleaning Services,INV-025-47613,414.01,2024-02-07,ACH
PMT-00012,Cascade Telecom,INV-008-44999,4873.05,2024-02-07,Wire
PMT-00653,Harbor Office Solutions,INV-019-65443,915.05,2024-02-07,Check
PMT-00861,Pinehurst Security Systems,INV-036-69287,585.03,2024-02-07,Check
PMT-00215,Pinehurst Office Solutions,INV-035-26120,771.98,2024-02-08,ACH
PMT-00399,Redwood Marketing Partners,INV-038-97944,491.87,2024-02-09,ACH
PMT-00447,Vertex Staffing Solutions,INV-048-79753,2951.5,2024-02-09,Check
PMT-00140,Union Cleaning Services,INV-043-69267,232.44,2024-02-10,ACH
PMT-00057,Coastal Freight,INV-010-35652,276.67,2024-02-10,Check
PMT-00728,Beacon Maintenance Corp,INV-001-46204,1416.94,2024-02-11,Wire
PMT-00570,Crestview Legal Services,INV-014-27110,387.37,2024-02-11,ACH
PMT-00373,Silverline Office Solutions,INV-040-76665,1385.02,2024-02-11,ACH
PMT-00288,Coastal Freight,INV-010-82058,1991.32,2024-02-12,ACH
PMT-00146,Harbor Travel Services,INV-020-68695,708.16,2024-02-12,ACH
PMT-00386,Coastal Legal Services,INV-011-35559,203.44,2024-02-14,ACH
PMT-00561,Cobalt Utilities,INV-012-61616,3409.99,2024-02-15,Wire
PMT-00202,Vertex Travel Services,INV-049-96599,1431.96,2024-02-15,ACH
PMT-00459,Cascade Office Solutions,INV-007-20155,7256.14,2024-02-15,ACH
PMT-00402,Pinehurst Cleaning Services,INV-032-48122,1007.1,2024-02-16,ACH
PMT-00824,Redwood Marketing Partners,INV-038-68445,3215.13,2024-02-16,Check
PMT-00188,Harbor Travel Services,INV-020-76058,250.03,2024-02-17,Wire
PMT-00514,Vertex Software Inc.,INV-047-92587,378.58,2024-02-17,ACH
PMT-00721,Ironclad Equipment Rental,INV-022-33288,280.51,2024-02-18,ACH
PMT-00546,Cascade Telecom,INV-008-59151,1251.72,2024-02-18,Check
PMT-00413,Falcon Facilities Management,INV-015-10371,3320.62,2024-02-19,ACH
PMT-00840,Highland Staffing Solutions,INV-021-69445,2832.0,2024-02-20,Check
PMT-00444,Vertex Software Inc.,INV-047-66254,1044.83,2024-02-20,ACH
PMT-00385,Coastal Freight,INV-010-92449,2873.89,2024-02-21,Check
PMT-00062,Vertex Software Inc.,INV-047-85240,3721.88,2024-02-21,ACH
PMT-00813,Cascade Freight,INV-006-86723,1076.58,2024-02-21,Check
PMT-00602,Coastal Legal Services,INV-011-58880,2102.6,2024-02-21,ACH
PMT-00566,Pinehurst Security Systems,INV-036-85168,1932.41,2024-02-21,ACH
PMT-00244,Redwood Marketing Partners,INV-038-32182,508.82,2024-02-22,ACH
PMT-00119,Pinehurst Cleaning Services,INV-032-79660,1192.11,2024-02-22,ACH
PMT-00180,Harbor Travel Services,INV-020-78458,402.17,2024-02-23,ACH
PMT-00836,Vantage Consulting Group,INV-044-90201,1259.35,2024-02-24,ACH
PMT-00054,Redwood Marketing Partners,INV-038-63702,5098.65,2024-02-24,Wire
PMT-00500,Vertex Software Inc.,INV-047-84059,302.16,2024-02-24,ACH
PMT-00397,Cascade Freight,INV-006-86000,2288.15,2024-02-24,Wire
PMT-00067,Redwood Cleaning Services,INV-037-35538,6345.93,2024-02-24,Card
PMT-00058,Cascade Freight,INV-006-78632,949.94,2024-02-25,Check
PMT-00046,Pinehurst Landscaping,INV-034-57714,2427.19,2024-02-25,Wire
PMT-00157,Ironclad Staffing Solutions,INV-023-40854,3731.6,2024-02-26,Wire
PMT-00029,Meridian Travel Services,INV-029-43027,12912.62,2024-02-26,ACH
PMT-00091,Coastal Legal Services,INV-011-31662,938.85,2024-02-26,ACH
PMT-00425,Pinehurst Cleaning Services,INV-032-64440,4569.91,2024-02-27,Check
PMT-00782,Silverline Freight,INV-039-94358,1413.87,2024-02-27,ACH
PMT-00582,Lumen Maintenance Corp,INV-026-79560,8739.4,2024-02-27,ACH
PMT-00483,Redwood Cleaning Services,INV-037-99925,1688.81,2024-02-27,ACH
PMT-00596,Lumen Telecom,INV-027-84675,510.25,2024-02-28,Check
PMT-00149,Cobalt Utilities,INV-012-51437,833.31,2024-02-28,ACH
PMT-00366,Falcon Facilities Management,INV-015-27319,1308.0,2024-02-29,Check
PMT-00197,Ironclad Staffing Solutions,INV-023-24314,5063.08,2024-02-29,Card
PMT-00469,Cascade Catering,INV-005-86189,7266.43,2024-02-29,ACH
PMT-00872,Lumen Telecom,INV-027-69672,9689.65,2024-03-01,Check
PMT-00207,Crestview Legal Services,INV-014-80270,18600.62,2024-03-01,ACH
PMT-00392,Redwood Marketing Partners,INV-038-33978,3555.22,2024-03-02,ACH
PMT-00253,Ironclad Staffing Solutions,INV-023-77527,546.71,2024-03-02,Wire
PMT-00205,Cascade Telecom,INV-008-37386,8967.51,2024-03-02,ACH
PMT-00655,Silverline Office Solutions,INV-040-25437,2141.47,2024-03-02,ACH
PMT-00285,Northgate Catering,INV-030-40794,929.12,2024-03-02,ACH
PMT-00374,Beacon Maintenance Corp,INV-001-69722,2091.0,2024-03-02,ACH
PMT-00292,Vantage Consulting Group,INV-044-85064,2984.25,2024-03-03,Check
PMT-00717,Ironclad Equipment Rental,INV-022-52605,3375.57,2024-03-03,ACH
PMT-00873,Lumen Telecom,INV-027-97397,9514.83,2024-03-03,Wire
PMT-00758,Northgate Travel Services,INV-031-10892,2581.15,2024-03-03,Wire
PMT-00549,Blue Ridge Utilities,INV-004-57501,921.63,2024-03-03,Card
PMT-00141,Cascade Freight,INV-006-98338,5736.64,2024-03-03,Check
PMT-00025,Ironclad Staffing Solutions,INV-023-43471,9051.83,2024-03-04,Check
PMT-00605,Cascade Freight,INV-006-47169,16265.46,2024-03-04,ACH
PMT-00821,Redwood Marketing Partners,INV-038-91897,858.63,2024-03-05,Wire
PMT-00681,Blue Ridge Insurance Group,INV-003-43730,1088.91,2024-03-05,Check
PMT-00251,Falcon Supply Co.,INV-016-78331,4296.97,2024-03-05,Check
PMT-00565,Silverline Utilities,INV-041-96380,2802.32,2024-03-05,ACH
PMT-00183,Pinehurst Office Solutions,INV-035-72791,1125.52,2024-03-06,Check
PMT-00357,Harbor Travel Services,INV-020-97809,719.62,2024-03-06,ACH
PMT-00176,Union Cleaning Services,INV-043-87213,885.58,2024-03-07,ACH
PMT-00353,Silverline Utilities,INV-041-11354,2714.94,2024-03-09,Wire
PMT-00120,Cascade Travel Services,INV-009-43616,1625.41,2024-03-09,Check
PMT-00536,Harbor Office Solutions,INV-019-98391,1281.64,2024-03-09,ACH
PMT-00415,Vertex Analytics,INV-046-66142,2038.39,2024-03-10,Check
PMT-00457,Harbor Equipment Rental,INV-017-29198,2323.97,2024-03-11,Card
PMT-00429,Beacon Maintenance Corp,INV-001-84527,981.66,2024-03-11,ACH
PMT-00462,Harbor Equipment Rental,INV-017-23893,501.9,2024-03-12,Check
PMT-00114,Ironclad Equipment Rental,INV-022-91222,2289.69,2024-03-12,ACH
PMT-00113,Lumen Telecom,INV-027-84791,3705.33,2024-03-12,ACH
PMT-00715,Blue Ridge Insurance Group,INV-003-80788,4990.69,2024-03-12,Check
PMT-00484,Cascade Telecom,INV-008-49505,1445.83,2024-03-13,ACH
PMT-00019,Highland Staffing Solutions,INV-021-80621,4735.89,2024-03-13,ACH
PMT-00774,Blue Ridge Insurance Group,INV-003-38903,751.62,2024-03-13,ACH
PMT-00538,Crestview Landscaping,INV-013-44422,446.84,2024-03-13,ACH
PMT-00073,Cascade Telecom,INV-008-20070,399.86,2024-03-13,Wire
PMT-00470,Cascade Travel Services,INV-009-46390,2237.45,2024-03-14,ACH
PMT-00407,Vertex Staffing Solutions,INV-048-26661,1578.14,2024-03-14,ACH
PMT-00756,Crestview Legal Services,INV-014-66245,777.42,2024-03-15,Card
PMT-00894,Beacon Logistics,INV-000-96256,9904.6,2024-03-15,ACH
PMT-00908,Redwood Cleaning Services,INV-037-94879,6345.93,2024-03-15,Card
PMT-00900,"Lumen Telecom,",INV-027-84791,3705.33,2024-03-16,Check
PMT-00365,Vertex Travel Services,INV-049-40400,933.72,2024-03-16,Wire
PMT-00367,Harbor IT Services,INV-018-54062,1230.4,2024-03-16,ACH
PMT-00620,Ironclad Staffing Solutions,INV-023-89830,1481.66,2024-03-16,Check
PMT-00081,Cascade Travel Services,INV-009-76389,423.96,2024-03-16,Wire
PMT-00539,Harbor Equipment Rental,INV-017-89897,645.39,2024-03-17,Check
PMT-00259,Northgate Catering,INV-030-67887,1087.77,2024-03-17,ACH
PMT-00893,Beacon Logistics,INV-000-88412,9131.46,2024-03-17,Check
PMT-00644,Harbor Travel Services,INV-020-53902,592.55,2024-03-17,Check
PMT-00640,Harbor Travel Services,INV-020-46640,936.19,2024-03-17,Card
PMT-00763,Redwood Marketing Partners,INV-038-10065,391.3,2024-03-18,ACH
PMT-00892,Beacon Logistics,INV-000-80208,9915.04,2024-03-18,Wire
PMT-00547,Lumen Catering,INV-024-86693,1337.92,2024-03-18,Wire
PMT-00027,Vertex Analytics,INV-046-10311,419.24,2024-03-19,ACH
PMT-00487,Blue Ridge Analytics,INV-002-78209,6923.9,2024-03-20,Card
PMT-00611,Lumen Utilities,INV-028-16796,831.03,2024-03-20,Wire
PMT-00454,Blue Ridge Utilities,INV-004-96200,413.01,2024-03-21,ACH
PMT-00087,Lumen Catering,INV-024-30100,678.72,2024-03-21,Card
PMT-00831,Lumen Catering,INV-024-38378,4043.11,2024-03-21,ACH
PMT-00439,Coastal Freight,INV-010-32318,2442.41,2024-03-21,Check
PMT-00497,Coastal Freight,INV-010-34368,456.56,2024-03-21,ACH
PMT-00706,Vertex Staffing Solutions,INV-048-56837,4468.39,2024-03-22,ACH
PMT-00450,Redwood Cleaning Services,INV-037-67683,2973.94,2024-03-23,ACH
PMT-00910,Cascade Telecom,INV-008-87314,1445.83,2024-03-23,Card
PMT-00575,Northgate Travel Services,INV-031-16949,2614.8,2024-03-24,ACH
PMT-00528,Cascade Travel Services,INV-009-96724,1836.17,2024-03-24,ACH
PMT-00903,Lumen Utilities LLC,INV-028-16796,831.03,2024-03-24,Check
PMT-00445,Pinehurst Facilities Management,INV-033-66726,4495.01,2024-03-24,Wire
PMT-00465,Cascade Travel Services,INV-009-45136,937.36,2024-03-25,Wire
PMT-00105,Crestview Legal Services,INV-014-70978,1523.44,2024-03-25,Wire
PMT-00438,Cascade Freight,INV-006-71128,1082.89,2024-03-25,Wire
PMT-00175,Coastal Freight,INV-010-78649,611.85,2024-03-25,Wire
PMT-00852,Ironclad Staffing Solutions,INV-023-89830,1481.66,2024-03-25,Check
PMT-00635,Lumen Cleaning Services,INV-025-70270,718.43,2024-03-25,Card
PMT-00764,Silverline Waste Management,INV-042-25384,361.39,2024-03-26,ACH
PMT-00520,Cascade Freight,INV-006-62234,86.05,2024-03-26,Card
PMT-00414,Pinehurst Facilities Management,INV-033-35577,2516.32,2024-03-27,Check
PMT-00783,Ironclad Staffing Solutions,INV-023-72657,14654.63,2024-03-28,Check
PMT-00770,Cobalt Utilities,INV-012-22958,20572.35,2024-03-28,Wire
PMT-00218,Pinehurst Security Systems,INV-036-86230,4047.78,2024-03-28,ACH
PMT-00198,Beacon Logistics,INV-000-82973,564.04,2024-03-28,ACH
PMT-00634,Cobalt Utilities,INV-012-70211,203.42,2024-03-29,Wire
PMT-00744,Cascade Catering,INV-005-37492,2541.01,2024-03-30,Check
PMT-00562,Coastal Legal Services,INV-011-62704,3426.79,2024-03-31,Card
PMT-00815,Cascade Catering,INV-005-25561,2920.24,2024-03-31,ACH
PMT-00213,Vantage Supply Co.,INV-045-96949,104.52,2024-03-31,Wire
PMT-00881,Vantage Supply Co.,INV-045-53220,9526.07,2024-03-31,Card
PMT-00252,Crestview Landscaping,INV-013-50515,4111.17,2024-04-01,Check
PMT-00456,Redwood Cleaning Services,INV-037-72850,573.3,2024-04-01,Wire
PMT-00879,Vantage Supply Co.,INV-045-19775,9945.99,2024-04-01,Wire
PMT-00526,Pinehurst Security Systems,INV-036-41328,2978.31,2024-04-01,Wire
PMT-00467,Vertex Analytics,INV-046-35810,1818.18,2024-04-02,Wire
PMT-00601,Pinehurst Facilities Management,INV-033-85345,330.78,2024-04-02,Check
PMT-00111,Union Cleaning Services,INV-043-87406,598.34,2024-04-03,ACH
PMT-00013,Vantage Consulting Group,INV-044-74322,1181.99,2024-04-03,ACH
PMT-00642,Pinehurst Security Systems,INV-036-37586,5670.42,2024-04-04,ACH
PMT-00310,Vertex Travel Services,INV-049-35131,1373.18,2024-04-04,Wire
PMT-00648,Pinehurst Facilities Management,INV-033-28021,3842.12,2024-04-04,Wire
PMT-00845,Blue Ridge Analytics,INV-002-71972,1649.21,2024-04-05,ACH
PMT-00880,Vantage Supply Co.,INV-045-26090,9939.99,2024-04-05,Card
PMT-00899,"Vertex Analytics,",INV-046-35810,1818.18,2024-04-05,Wire
PMT-00179,Harbor Travel Services,INV-020-86540,447.53,2024-04-05,ACH
PMT-00551,Beacon Maintenance Corp,INV-001-99183,262.8,2024-04-06,ACH
PMT-00647,Pinehurst Landscaping,INV-034-84295,1949.81,2024-04-07,Wire
PMT-00154,Lumen Cleaning Services,INV-025-61380,8818.22,2024-04-08,Card
PMT-00732,Cascade Office Solutions,INV-007-52003,743.27,2024-04-08,ACH
PMT-00055,Beacon Maintenance Corp,INV-001-68479,796.69,2024-04-08,ACH
PMT-00293,Crestview Landscaping,INV-013-31507,701.76,2024-04-09,ACH
PMT-00589,Silverline Utilities,INV-041-12880,934.06,2024-04-09,Check
PMT-00403,Harbor Office Solutions,INV-019-64355,259.28,2024-04-09,Check
PMT-00759,Coastal Freight,INV-010-53691,813.46,2024-04-10,ACH
PMT-00494,Lumen Telecom,INV-027-55723,524.47,2024-04-10,ACH
PMT-00720,Vantage Supply Co.,INV-045-43040,439.41,2024-04-11,ACH
PMT-00693,Lumen Cleaning Services,INV-025-39650,1098.7,2024-04-12,ACH
PMT-00661,Silverline Utilities,INV-041-16975,3512.69,2024-04-12,Check
PMT-00812,Vertex Software Inc.,INV-047-62563,817.44,2024-04-12,Card
PMT-00708,Cascade Telecom,INV-008-85333,944.8,2024-04-12,ACH
PMT-00854,Cascade Office Solutions,INV-007-52003,743.27,2024-04-13,Card
PMT-00761,Beacon Logistics,INV-000-93620,19047.23,2024-04-14,ACH
PMT-00493,Blue Ridge Insurance Group,INV-003-62904,937.63,2024-04-14,ACH
PMT-00723,Vertex Analytics,INV-046-77846,1386.47,2024-04-14,ACH
PMT-00810,Vertex Travel Services,INV-049-41835,20128.21,2024-04-15,Wire
PMT-00121,Lumen Cleaning Services,INV-025-15009,999.44,2024-04-15,ACH
PMT-00068,Northgate Catering,INV-030-13079,111.1,2024-04-16,Wire
PMT-00117,Crestview Legal Services,INV-014-92147,388.47,2024-04-16,ACH
PMT-00330,Pinehurst Facilities Management,INV-033-46481,1219.5,2024-04-17,Card
PMT-00326,Redwood Cleaning Services,INV-037-51066,682.1,2024-04-17,ACH
PMT-00122,Lumen Cleaning Services,INV-025-74946,961.63,2024-04-17,ACH
PMT-00797,Harbor Equipment Rental,INV-017-89671,1421.89,2024-04-17,ACH
PMT-00254,Crestview Legal Services,INV-014-58539,1077.51,2024-04-17,ACH
PMT-00826,Vertex Staffing Solutions,INV-048-31679,464.41,2024-04-17,ACH
PMT-00584,Lumen Cleaning Services,INV-025-13446,532.75,2024-04-17,ACH
PMT-00226,Pinehurst Security Systems,INV-036-84490,3660.15,2024-04-17,Check
PMT-00328,Falcon Facilities Management,INV-015-67732,376.34,2024-04-18,Check
PMT-00460,Lumen Telecom,INV-027-60830,662.54,2024-04-19,ACH
PMT-00606,Beacon Maintenance Corp,INV-001-39784,1798.59,2024-04-20,ACH
PMT-00617,Crestview Legal Services,INV-014-36406,4983.75,2024-04-20,ACH
PMT-00261,Silverline Office Solutions,INV-040-28994,1535.5,2024-04-20,ACH
PMT-00865,Crestview Legal Services,INV-014-58539,1077.51,2024-04-20,Wire
PMT-00356,Falcon Supply Co.,INV-016-84068,1586.11,2024-04-21,ACH
PMT-00781,Cascade Freight,INV-006-34489,1056.1,2024-04-21,Check
PMT-00361,Cascade Catering,INV-005-50348,5353.45,2024-04-21,ACH
PMT-00858,Lumen Cleaning Services,INV-025-13446,532.75,2024-04-21,Wire
PMT-00191,Crestview Landscaping,INV-013-92952,1118.92,2024-04-23,ACH
PMT-00061,Harbor IT Services,INV-018-70426,2898.98,2024-04-23,Check
PMT-00441,Crestview Landscaping,INV-013-39221,1651.92,2024-04-23,ACH
PMT-00906,Coastal Freight,INV-010-56936,813.46,2024-04-24,Card
PMT-00656,Harbor Office Solutions,INV-019-78993,2786.82,2024-04-25,Check
PMT-00030,Vantage Supply Co.,INV-045-12076,157.76,2024-04-26,Check
PMT-00337,Cobalt Utilities,INV-012-78140,798.6,2024-04-26,ACH
PMT-00270,Vantage Supply Co.,INV-045-52797,859.43,2024-04-26,Wire
PMT-00302,Cascade Freight,INV-006-53565,3051.25,2024-04-27,ACH
PMT-00541,Cascade Freight,INV-006-52436,2047.76,2024-04-27,ACH
PMT-00581,Union Cleaning Services,INV-043-99780,6869.05,2024-04-27,ACH
PMT-00023,Vantage Supply Co.,INV-045-52391,809.24,2024-04-29,ACH
PMT-00354,Lumen Utilities,INV-028-13432,721.02,2024-04-29,ACH
PMT-00499,Lumen Utilities,INV-028-85215,2544.08,2024-04-30,ACH
PMT-00387,Pinehurst Office Solutions,INV-035-79429,5051.53,2024-04-30,Wire
PMT-00490,Vertex Analytics,INV-046-20474,1937.12,2024-05-01,ACH
PMT-00863,Harbor Office Solutions,INV-019-78993,2786.82,2024-05-01,Wire
PMT-00194,Silverline Waste Management,INV-042-56420,2670.49,2024-05-01,Wire
PMT-00615,Silverline Waste Management,INV-042-55617,689.28,2024-05-01,ACH
PMT-00766,Cascade Telecom,INV-008-11445,76.8,2024-05-01,ACH
PMT-00308,Northgate Travel Services,INV-031-44712,388.74,2024-05-02,ACH
PMT-00164,Vantage Consulting Group,INV-044-95442,655.27,2024-05-02,Wire
PMT-00321,Pinehurst Office Solutions,INV-035-18323,7913.73,2024-05-02,Check
PMT-00304,Vertex Staffing Solutions,INV-048-37282,543.49,2024-05-02,Wire
PMT-00426,Ironclad Staffing Solutions,INV-023-76670,2506.57,2024-05-03,ACH
PMT-00587,Cascade Office Solutions,INV-007-84656,427.58,2024-05-03,ACH
PMT-00678,Harbor IT Services,INV-018-77154,751.9,2024-05-03,Check
PMT-00560,Beacon Maintenance Corp,INV-001-69643,590.42,2024-05-04,Wire
PMT-00855,Vantage Supply Co.,INV-045-52797,859.43,2024-05-04,ACH
PMT-00001,Cobalt Utilities,INV-012-11825,1469.86,2024-05-04,Card
PMT-00048,Redwood Marketing Partners,INV-038-76493,107.85,2024-05-04,Check
PMT-00316,Ironclad Equipment Rental,INV-022-99817,2103.86,2024-05-04,Check
PMT-00819,Falcon Supply Co.,INV-016-65459,1606.8,2024-05-05,Wire
PMT-00101,Coastal Freight,INV-010-32316,317.69,2024-05-06,ACH
PMT-00659,Union Cleaning Services,INV-043-74427,91.35,2024-05-07,Check
PMT-00846,Falcon Facilities Management,INV-015-68081,1789.88,2024-05-07,ACH
PMT-00160,Meridian Travel Services,INV-029-45628,2880.96,2024-05-08,ACH
PMT-00522,Cascade Office Solutions,INV-007-67079,2044.4,2024-05-09,ACH
PMT-00918,Vantage Supply Co.,INV-045-33247,859.43,2024-05-09,Card
PMT-00349,Vertex Travel Services,INV-049-49528,3436.36,2024-05-10,Wire
PMT-00733,Lumen Catering,INV-024-74251,116.05,2024-05-11,ACH
PMT-00453,Crestview Legal Services,INV-014-53806,184.5,2024-05-12,Card
PMT-00151,Blue Ridge Insurance Group,INV-003-92566,1404.46,2024-05-13,ACH
PMT-00390,Coastal Legal Services,INV-011-70256,225.65,2024-05-13,ACH
PMT-00622,Northgate Travel Services,INV-031-91599,973.11,2024-05-13,ACH
PMT-00750,Ironclad Equipment Rental,INV-022-16410,4670.54,2024-05-14,ACH
PMT-00516,Cascade Freight,INV-006-63745,531.09,2024-05-14,ACH
PMT-00006,Vertex Software Inc.,INV-047-75082,2094.0,2024-05-14,Card
PMT-00508,Redwood Marketing Partners,INV-038-15795,191.95,2024-05-14,Wire
PMT-00458,Coastal Legal Services,INV-011-21109,1916.28,2024-05-15,Check
PMT-00299,Silverline Waste Management,INV-042-18896,2794.38,2024-05-15,ACH
PMT-00638,Ironclad Equipment Rental,INV-022-10782,1592.63,2024-05-16,ACH
PMT-00201,Meridian Travel Services,INV-029-58154,3913.49,2024-05-16,ACH
PMT-00329,Falcon Facilities Management,INV-015-72027,883.16,2024-05-16,Check
PMT-00579,Pinehurst Security Systems,INV-036-84418,573.07,2024-05-17,ACH
PMT-00773,Beacon Maintenance Corp,INV-001-85281,1227.85,2024-05-18,Wire
PMT-00398,Pinehurst Landscaping,INV-034-59879,3209.75,2024-05-18,Check
PMT-00116,Vantage Consulting Group,INV-044-37926,1966.71,2024-05-19,Wire
PMT-00026,Blue Ridge Analytics,INV-002-63405,931.51,2024-05-19,ACH
PMT-00034,Union Cleaning Services,INV-043-68809,1058.73,2024-05-19,Wire
PMT-00512,Crestview Landscaping,INV-013-84609,6641.29,2024-05-20,Card
PMT-00472,Blue Ridge Analytics,INV-002-84437,688.31,2024-05-20,ACH
PMT-00711,Silverline Freight,INV-039-67992,4258.73,2024-05-20,Check
PMT-00752,Pinehurst Facilities Management,INV-033-51873,641.94,2024-05-21,ACH
PMT-00834,Redwood Marketing Partners,INV-038-84850,1120.96,2024-05-21,Wire
PMT-00555,Blue Ridge Utilities,INV-004-29620,2811.24,2024-05-21,ACH
PMT-00909,Meridian Travel Services,INV-029-74975,3913.49,2024-05-22,Wire
PMT-00424,Pinehurst Landscaping,INV-034-61156,2389.46,2024-05-23,Wire
PMT-00627,Vertex Travel Services,INV-049-24144,1457.12,2024-05-23,Wire
PMT-00227,Silverline Freight,INV-039-91723,1867.28,2024-05-23,ACH
PMT-00268,Lumen Utilities,INV-028-41312,1433.13,2024-05-24,ACH
PMT-00256,Blue Ridge Insurance Group,INV-003-68627,1129.7,2024-05-24,ACH
PMT-00495,Harbor Office Solutions,INV-019-73166,3631.21,2024-05-24,Check
PMT-00148,Pinehurst Office Solutions,INV-035-96628,5281.53,2024-05-24,Check
PMT-00660,Northgate Catering,INV-030-59648,1391.89,2024-05-25,Check
PMT-00568,Northgate Catering,INV-030-95483,845.78,2024-05-25,Wire
PMT-00295,Cobalt Utilities,INV-012-47697,7634.11,2024-05-26,Check
PMT-00274,Falcon Facilities Management,INV-015-34281,2446.35,2024-05-26,Wire
PMT-00553,Vertex Staffing Solutions,INV-048-50383,3410.94,2024-05-26,Wire
PMT-00905,Pinehurst Landscaping,INV-034-44146,3209.75,2024-05-27,Card
PMT-00230,Silverline Utilities,INV-041-39292,18072.36,2024-05-27,Card
PMT-00250,Lumen Maintenance Corp,INV-026-93752,363.84,2024-05-27,Wire
PMT-00240,Lumen Maintenance Corp,INV-026-53226,4576.79,2024-05-27,ACH
PMT-00440,Vantage Supply Co.,INV-045-87654,3084.44,2024-05-27,Check
PMT-00737,Vertex Software Inc.,INV-047-19723,258.84,2024-05-28,ACH
PMT-00916,Silverline Freight,INV-039-87874,4258.73,2024-05-29,Wire
PMT-00686,Falcon Facilities Management,INV-015-82191,1946.17,2024-05-29,Card
PMT-00432,Falcon Supply Co.,INV-016-60352,1135.13,2024-05-29,ACH
PMT-00327,Lumen Maintenance Corp,INV-026-77828,200.22,2024-05-29,ACH
PMT-00738,Pinehurst Landscaping,INV-034-51474,431.83,2024-05-29,Check
PMT-00040,Coastal Freight,INV-010-27053,1795.22,2024-05-30,ACH
PMT-00137,Lumen Utilities,INV-028-30385,2139.36,2024-05-30,ACH
PMT-00907,Coastal Legal Services,INV-011-39901,225.65,2024-05-30,Check
PMT-00199,Highland Staffing Solutions,INV-021-82561,2667.34,2024-05-30,ACH
PMT-00705,Pinehurst Security Systems,INV-036-45139,92.85,2024-05-31,ACH
PMT-00388,Vertex Staffing Solutions,INV-048-28141,2420.94,2024-05-31,ACH
PMT-00616,Redwood Marketing Partners,INV-038-73271,1395.94,2024-05-31,ACH
PMT-00867,Redwood Cleaning Services,INV-037-63897,9491.73,2024-06-02,ACH
PMT-00018,Pinehurst Cleaning Services,INV-032-95001,664.48,2024-06-02,ACH
PMT-00203,Redwood Marketing Partners,INV-038-53345,1267.13,2024-06-02,ACH
PMT-00902,Falcon Supply Co,INV-016-60352,1135.13,2024-06-02,ACH
PMT-00400,Blue Ridge Insurance Group,INV-003-85453,619.96,2024-06-03,Check
PMT-00189,Pinehurst Security Systems,INV-036-86256,506.11,2024-06-05,Wire
PMT-00072,Harbor Travel Services,INV-020-30659,28832.14,2024-06-05,ACH
PMT-00174,Coastal Freight,INV-010-70042,2053.09,2024-06-06,Wire
PMT-00866,Redwood Cleaning Services,INV-037-91181,9225.3,2024-06-07,Check
PMT-00832,Cascade Telecom,INV-008-36864,1136.56,2024-06-08,ACH
PMT-00255,Lumen Cleaning Services,INV-025-52289,6035.98,2024-06-08,ACH
PMT-00741,Pinehurst Cleaning Services,INV-032-95493,1403.28,2024-06-09,ACH
PMT-00039,Pinehurst Facilities Management,INV-033-67307,524.96,2024-06-09,Check
PMT-00277,Silverline Office Solutions,INV-040-93232,563.19,2024-06-10,ACH
PMT-00421,Lumen Catering,INV-024-12250,1582.21,2024-06-10,ACH
PMT-00094,Lumen Maintenance Corp,INV-026-88374,3886.42,2024-06-10,ACH
PMT-00603,Blue Ridge Insurance Group,INV-003-66864,3253.68,2024-06-10,ACH
PMT-00507,Blue Ridge Insurance Group,INV-003-89957,250.1,2024-06-11,ACH
PMT-00501,Vertex Software Inc.,INV-047-55600,1591.74,2024-06-11,Check
PMT-00917,Cobalt Utilities,INV-012-48120,7634.11,2024-06-12,ACH
PMT-00594,Northgate Catering,INV-030-92003,1579.67,2024-06-12,Check
PMT-00138,Vertex Travel Services,INV-049-53986,4829.93,2024-06-12,Card
PMT-00533,Coastal Freight,INV-010-85840,2784.35,2024-06-12,Wire
PMT-00236,Blue Ridge Utilities,INV-004-86808,277.01,2024-06-13,ACH
PMT-00235,Cascade Freight,INV-006-30446,494.31,2024-06-13,Card
PMT-00504,Blue Ridge Analytics,INV-002-59792,162.4,2024-06-14,ACH
PMT-00828,Cascade Office Solutions,INV-007-87486,668.03,2024-06-14,ACH
PMT-00471,Coastal Freight,INV-010-62110,5192.07,2024-06-15,ACH
PMT-00641,Cascade Catering,INV-005-61284,4614.12,2024-06-15,Card
PMT-00665,Northgate Travel Services,INV-031-15638,439.71,2024-06-15,Check
PMT-00056,Vertex Staffing Solutions,INV-048-81920,246.63,2024-06-15,ACH
PMT-00161,Pinehurst Office Solutions,INV-035-33787,1562.26,2024-06-15,Check
PMT-00673,Cascade Telecom,INV-008-60658,1499.88,2024-06-16,Wire
PMT-00518,Blue Ridge Insurance Group,INV-003-26449,1451.45,2024-06-16,Check
PMT-00045,Beacon Maintenance Corp,INV-001-10620,648.15,2024-06-16,ACH
PMT-00775,Vertex Travel Services,INV-049-26534,791.15,2024-06-17,Check
PMT-00692,Cascade Catering,INV-005-25835,865.79,2024-06-17,ACH
PMT-00130,Lumen Maintenance Corp,INV-026-15553,10315.71,2024-06-18,ACH
PMT-00491,Vantage Supply Co.,INV-045-49035,9583.73,2024-06-19,Check
PMT-00558,Highland Staffing Solutions,INV-021-24645,1458.4,2024-06-20,Wire
PMT-00477,Lumen Utilities,INV-028-89453,1521.24,2024-06-20,ACH
PMT-00745,Northgate Catering,INV-030-50321,1240.7,2024-06-20,Check
PMT-00698,Crestview Legal Services,INV-014-64442,1405.51,2024-06-20,Check
PMT-00095,Northgate Travel Services,INV-031-80748,1054.17,2024-06-21,Card
PMT-00007,Pinehurst Office Solutions,INV-035-32312,2731.17,2024-06-21,ACH
PMT-00192,Beacon Maintenance Corp,INV-001-56804,343.17,2024-06-22,Wire
PMT-00786,Crestview Landscaping,INV-013-64647,208.03,2024-06-23,ACH
PMT-00663,Harbor IT Services,INV-018-45784,275.01,2024-06-23,ACH
PMT-00820,Beacon Logistics,INV-000-55735,2422.5,2024-06-23,ACH
PMT-00725,Silverline Office Solutions,INV-040-64613,2763.63,2024-06-23,Wire
PMT-00571,Northgate Catering,INV-030-97776,405.81,2024-06-24,Check
PMT-00599,Harbor Office Solutions,INV-019-72191,792.86,2024-06-24,ACH
PMT-00284,Cascade Travel Services,INV-009-95989,2312.59,2024-06-25,ACH
PMT-00211,Lumen Maintenance Corp,INV-026-81357,2791.25,2024-06-26,Card
PMT-00550,Lumen Utilities,INV-028-26675,836.39,2024-06-26,ACH
PMT-00315,Ironclad Staffing Solutions,INV-023-29359,1106.15,2024-06-27,ACH
PMT-00517,Harbor IT Services,INV-018-65044,2345.57,2024-06-27,ACH
PMT-00875,Cascade Freight,INV-006-74341,9969.26,2024-06-27,Wire
PMT-00876,Cascade Freight,INV-006-72607,9239.12,2024-06-27,Wire
PMT-00650,Lumen Telecom,INV-027-37762,579.71,2024-06-28,ACH
PMT-00833,Lumen Maintenance Corp,INV-026-22640,413.26,2024-06-29,Wire
PMT-00542,Silverline Office Solutions,INV-040-22610,501.44,2024-06-29,ACH
PMT-00874,Cascade Freight,INV-006-17483,9213.0,2024-06-30,Check
PMT-00473,Pinehurst Landscaping,INV-034-65884,2062.0,2024-07-01,Check
PMT-00591,Cascade Freight,INV-006-39456,10224.63,2024-07-01,ACH
PMT-00850,Meridian Travel Services,INV-029-54765,694.21,2024-07-01,ACH
PMT-00576,Cobalt Utilities,INV-012-67709,333.29,2024-07-02,ACH
PMT-00859,Silverline Office Solutions,INV-040-64613,2763.63,2024-07-02,Card
PMT-00762,Lumen Utilities,INV-028-36652,553.13,2024-07-02,ACH
PMT-00805,Vertex Travel Services,INV-049-18148,1680.0,2024-07-02,Check
PMT-00727,Meridian Travel Services,INV-029-91306,739.25,2024-07-02,ACH
PMT-00790,Northgate Travel Services,INV-031-24476,615.97,2024-07-03,ACH
PMT-00502,Vantage Consulting Group,INV-044-76231,5070.72,2024-07-03,ACH
PMT-00069,Ironclad Equipment Rental,INV-022-30906,301.56,2024-07-04,ACH
PMT-00649,Vantage Supply Co.,INV-045-50826,1129.92,2024-07-04,Wire
PMT-00262,Crestview Legal Services,INV-014-59503,3255.91,2024-07-04,ACH
PMT-00370,Blue Ridge Utilities,INV-004-81895,1678.9,2024-07-04,ACH
PMT-00842,Northgate Catering,INV-030-94944,488.55,2024-07-04,ACH
PMT-00228,Coastal Freight,INV-010-51687,620.76,2024-07-05,Card
PMT-00628,Lumen Telecom,INV-027-92671,290.63,2024-07-05,Wire
PMT-00666,Union Cleaning Services,INV-043-92708,599.07,2024-07-05,ACH
PMT-00300,Lumen Maintenance Corp,INV-026-74977,719.64,2024-07-07,Card
PMT-00545,Crestview Landscaping,INV-013-91223,792.71,2024-07-08,ACH
PMT-00065,Crestview Landscaping,INV-013-28462,6333.05,2024-07-08,Check
PMT-00506,Northgate Catering,INV-030-79577,1561.03,2024-07-08,Wire
PMT-00379,Silverline Utilities,INV-041-85644,1888.42,2024-07-09,ACH
PMT-00038,Ironclad Equipment Rental,INV-022-95189,12274.55,2024-07-10,ACH
PMT-00092,Vertex Analytics,INV-046-53798,321.84,2024-07-11,ACH
PMT-00079,Falcon Facilities Management,INV-015-61411,712.29,2024-07-11,ACH
PMT-00002,Vantage Supply Co.,INV-045-32605,1402.98,2024-07-13,ACH
PMT-00683,Lumen Maintenance Corp,INV-026-32935,1549.68,2024-07-13,ACH
PMT-00734,Northgate Catering,INV-030-83774,355.21,2024-07-13,ACH
PMT-00643,Crestview Landscaping,INV-013-98116,1021.85,2024-07-13,Check
PMT-00014,Ironclad Equipment Rental,INV-022-54894,3133.62,2024-07-14,Card
PMT-00269,Falcon Supply Co.,INV-016-54783,15396.29,2024-07-14,ACH
PMT-00801,Crestview Landscaping,INV-013-71933,18740.57,2024-07-14,Card
PMT-00830,Pinehurst Security Systems,INV-036-27740,531.18,2024-07-15,ACH
PMT-00075,Beacon Maintenance Corp,INV-001-94392,2030.41,2024-07-15,Check
PMT-00751,Vantage Consulting Group,INV-044-35188,593.51,2024-07-16,Card
PMT-00200,Meridian Travel Services,INV-029-78388,623.83,2024-07-17,ACH
PMT-00294,Meridian Travel Services,INV-029-56840,1019.11,2024-07-17,Wire
PMT-00080,Falcon Facilities Management,INV-015-61368,264.81,2024-07-18,ACH
PMT-00325,Lumen Maintenance Corp,INV-026-12470,288.81,2024-07-18,ACH
PMT-00531,Harbor Travel Services,INV-020-20691,853.44,2024-07-18,ACH
PMT-00127,Crestview Landscaping,INV-013-26836,2810.57,2024-07-18,Card
PMT-00722,Redwood Cleaning Services,INV-037-91083,5881.3,2024-07-18,Check
PMT-00132,Falcon Supply Co.,INV-016-26660,1154.49,2024-07-19,Check
PMT-00682,Lumen Catering,INV-024-33797,440.77,2024-07-20,Check
PMT-00743,Harbor IT Services,INV-018-75359,645.77,2024-07-21,ACH
PMT-00393,Silverline Utilities,INV-041-57683,741.53,2024-07-22,Card
PMT-00022,Meridian Travel Services,INV-029-87671,1913.29,2024-07-22,Wire
PMT-00823,Vertex Staffing Solutions,INV-048-87709,6993.8,2024-07-22,ACH
PMT-00153,Cascade Office Solutions,INV-007-63204,1894.14,2024-07-23,Check
PMT-00544,Pinehurst Landscaping,INV-034-12270,1927.34,2024-07-24,Check
PMT-00735,Silverline Office Solutions,INV-040-85585,318.23,2024-07-25,Card
PMT-00436,Crestview Legal Services,INV-014-60581,4486.02,2024-07-25,ACH
PMT-00796,Lumen Maintenance Corp,INV-026-54227,2587.21,2024-07-26,Wire
PMT-00314,Falcon Facilities Management,INV-015-82332,3845.75,2024-07-27,ACH
PMT-00042,Northgate Travel Services,INV-031-45957,751.59,2024-07-28,Wire
PMT-00614,Meridian Travel Services,INV-029-31241,1056.11,2024-07-29,ACH
PMT-00318,Northgate Travel Services,INV-031-46756,797.38,2024-07-29,Check
PMT-00585,Lumen Catering,INV-024-96401,6109.69,2024-07-29,ACH
PMT-00886,Cascade Telecom,INV-008-90492,9604.43,2024-07-31,Wire
PMT-00697,Redwood Cleaning Services,INV-037-70890,2415.57,2024-07-31,ACH
PMT-00667,Vertex Staffing Solutions,INV-048-33422,993.36,2024-08-01,ACH
PMT-00707,Meridian Travel Services,INV-029-77738,935.25,2024-08-01,ACH
PMT-00419,Northgate Travel Services,INV-031-68626,958.76,2024-08-01,ACH
PMT-00216,Beacon Maintenance Corp,INV-001-21886,152.09,2024-08-01,ACH
PMT-00807,Vertex Travel Services,INV-049-91637,2369.81,2024-08-02,ACH
PMT-00431,Vertex Staffing Solutions,INV-048-45931,3446.8,2024-08-02,ACH
PMT-00670,Vantage Consulting Group,INV-044-91379,647.59,2024-08-02,Card
PMT-00749,Pinehurst Landscaping,INV-034-88548,108.43,2024-08-03,ACH
PMT-00767,Union Cleaning Services,INV-043-91572,1415.14,2024-08-03,ACH
PMT-00714,Vertex Analytics,INV-046-46690,1440.4,2024-08-04,ACH
PMT-00124,Falcon Supply Co.,INV-016-77179,13613.2,2024-08-04,Check
PMT-00818,Harbor Office Solutions,INV-019-91073,4667.64,2024-08-04,Wire
PMT-00847,Redwood Cleaning Services,INV-037-85797,1010.32,2024-08-04,ACH
PMT-00885,Cascade Telecom,INV-008-44853,9143.32,2024-08-05,Card
PMT-00108,Beacon Maintenance Corp,INV-001-79441,2239.45,2024-08-05,ACH
PMT-00448,Vantage Consulting Group,INV-044-54726,345.06,2024-08-05,ACH
PMT-00050,Cascade Travel Services,INV-009-50913,1626.94,2024-08-05,ACH
PMT-00015,Silverline Utilities,INV-041-72915,1547.25,2024-08-07,ACH
PMT-00626,Silverline Office Solutions,INV-040-31911,252.45,2024-08-07,Card
PMT-00838,Union Cleaning Services,INV-043-85850,7093.58,2024-08-07,Wire
PMT-00600,Lumen Utilities,INV-028-16148,4839.16,2024-08-07,ACH
PMT-00837,Falcon Facilities Management,INV-015-78351,766.01,2024-08-07,ACH
PMT-00468,Vertex Analytics,INV-046-38724,1087.51,2024-08-08,ACH
PMT-00710,Union Cleaning Services,INV-043-87656,1406.77,2024-08-08,Card
PMT-00884,Vertex Travel Services,INV-049-55387,9205.44,2024-08-08,Check
PMT-00492,Vertex Software Inc.,INV-047-79815,1188.56,2024-08-08,ACH
PMT-00621,Cascade Travel Services,INV-009-65588,501.24,2024-08-09,Card
PMT-00519,Vertex Travel Services,INV-049-24002,7402.49,2024-08-09,ACH
PMT-00070,Harbor Equipment Rental,INV-017-24084,2273.27,2024-08-09,Check
PMT-00322,Coastal Freight,INV-010-12615,181.93,2024-08-09,ACH
PMT-00052,Highland Staffing Solutions,INV-021-98585,4272.37,2024-08-10,ACH
PMT-00853,Silverline Utilities,INV-041-72915,1547.25,2024-08-10,Card
PMT-00084,Harbor IT Services,INV-018-71203,1386.58,2024-08-10,Card
PMT-00324,Lumen Cleaning Services,INV-025-76498,618.5,2024-08-10,ACH
PMT-00346,Cascade Travel Services,INV-009-18940,249.0,2024-08-10,Check
PMT-00241,Beacon Logistics,INV-000-28006,1928.56,2024-08-11,Check
PMT-00209,Union Cleaning Services,INV-043-45689,4501.6,2024-08-11,ACH
PMT-00608,Cascade Telecom,INV-008-20405,192.25,2024-08-12,Card
PMT-00882,Vertex Travel Services,INV-049-74868,9977.14,2024-08-12,Wire
PMT-00391,Falcon Facilities Management,INV-015-28298,894.48,2024-08-12,Wire
PMT-00364,Crestview Landscaping,INV-013-45901,7768.58,2024-08-13,Check
PMT-00883,Vertex Travel Services,INV-049-92315,9187.03,2024-08-13,Card
PMT-00464,Lumen Catering,INV-024-96752,3614.94,2024-08-13,ACH
PMT-00181,Meridian Travel Services,INV-029-96845,946.86,2024-08-13,Check
PMT-00384,Northgate Travel Services,INV-031-29941,2014.59,2024-08-13,Check
PMT-00690,Harbor Office Solutions,INV-019-98127,1627.83,2024-08-13,ACH
PMT-00557,Vantage Supply Co.,INV-045-36069,670.81,2024-08-14,Card
PMT-00375,Crestview Legal Services,INV-014-58091,269.52,2024-08-14,ACH
PMT-00223,Blue Ridge Utilities,INV-004-56205,930.22,2024-08-14,Check
PMT-00059,Lumen Telecom,INV-027-95555,2308.59,2024-08-14,Check
PMT-00478,Cascade Telecom,INV-008-36089,1087.51,2024-08-15,Check
PMT-00870,Cascade Catering,INV-005-91900,9490.51,2024-08-16,Check
PMT-00871,Cascade Catering,INV-005-46829,9143.11,2024-08-16,Wire
PMT-00214,Pinehurst Facilities Management,INV-033-97503,5540.25,2024-08-16,ACH
PMT-00451,Vertex Analytics,INV-046-10292,784.08,2024-08-17,Wire
PMT-00719,Redwood Marketing Partners,INV-038-52039,442.74,2024-08-17,ACH
PMT-00654,Beacon Maintenance Corp,INV-001-43251,1452.95,2024-08-17,ACH
PMT-00333,Cascade Catering,INV-005-54094,3011.09,2024-08-18,Wire
PMT-00623,Cascade Office Solutions,INV-007-67933,3778.89,2024-08-18,ACH
PMT-00409,Vertex Staffing Solutions,INV-048-68453,5307.57,2024-08-19,ACH
PMT-00685,Silverline Waste Management,INV-042-11052,706.98,2024-08-20,Wire
PMT-00532,Redwood Cleaning Services,INV-037-80719,18042.96,2024-08-20,ACH
PMT-00809,Northgate Travel Services,INV-031-20785,5238.54,2024-08-21,Check
PMT-00688,Redwood Cleaning Services,INV-037-25654,553.13,2024-08-22,ACH
PMT-00332,Crestview Legal Services,INV-014-13294,746.78,2024-08-22,Check
PMT-00784,Harbor Travel Services,INV-020-95658,5431.54,2024-08-23,ACH
PMT-00525,Harbor IT Services,INV-018-23636,209.99,2024-08-23,ACH
PMT-00401,Pinehurst Facilities Management,INV-033-76773,461.69,2024-08-23,ACH
PMT-00190,Falcon Supply Co.,INV-016-16115,659.18,2024-08-23,Check
PMT-00395,Silverline Office Solutions,INV-040-45573,809.39,2024-08-24,ACH
PMT-00404,Pinehurst Cleaning Services,INV-032-48993,480.62,2024-08-24,Check
PMT-00443,Lumen Telecom,INV-027-51722,10264.86,2024-08-25,ACH
PMT-00150,Vantage Consulting Group,INV-044-21930,1388.5,2024-08-25,Card
PMT-00208,Crestview Landscaping,INV-013-90300,1618.1,2024-08-25,ACH
PMT-00724,Crestview Legal Services,INV-014-36115,267.79,2024-08-26,ACH
PMT-00347,Ironclad Equipment Rental,INV-022-72393,1643.21,2024-08-26,ACH
PMT-00220,Redwood Marketing Partners,INV-038-19450,134.55,2024-08-27,ACH
PMT-00480,Highland Staffing Solutions,INV-021-55881,164.15,2024-08-27,ACH
PMT-00676,Ironclad Equipment Rental,INV-022-73283,7818.77,2024-08-27,Card
PMT-00178,Blue Ridge Insurance Group,INV-003-82788,1538.32,2024-08-28,ACH
PMT-00742,Northgate Catering,INV-030-44126,5698.04,2024-08-28,Card
PMT-00534,Harbor Office Solutions,INV-019-39606,1503.25,2024-08-29,Check
PMT-00090,Coastal Legal Services,INV-011-20705,1177.88,2024-08-29,ACH
PMT-00430,Cascade Catering,INV-005-73739,796.27,2024-08-30,Wire
PMT-00799,Crestview Landscaping,INV-013-25417,1336.79,2024-08-30,ACH
PMT-00185,Harbor Office Solutions,INV-019-82567,1845.13,2024-08-30,ACH
PMT-00748,Silverline Freight,INV-039-37653,935.23,2024-08-30,Wire
PMT-00156,Northgate Travel Services,INV-031-75203,944.21,2024-08-31,ACH
PMT-00345,Vantage Consulting Group,INV-044-36621,2418.5,2024-08-31,Check
PMT-00041,Cascade Office Solutions,INV-007-15923,4727.18,2024-08-31,Check
PMT-00475,Harbor Travel Services,INV-020-52882,969.49,2024-09-01,Wire
PMT-00257,Ironclad Equipment Rental,INV-022-77930,3084.09,2024-09-01,Wire
PMT-00217,Pinehurst Security Systems,INV-036-26953,747.23,2024-09-02,ACH
PMT-00572,Northgate Catering,INV-030-72123,446.06,2024-09-02,Check
PMT-00577,Pinehurst Security Systems,INV-036-83436,11318.95,2024-09-02,ACH
PMT-00849,Pinehurst Office Solutions,INV-035-69740,653.69,2024-09-02,ACH
PMT-00433,Silverline Waste Management,INV-042-44377,264.36,2024-09-03,ACH
PMT-00543,Cascade Telecom,INV-008-11419,1961.49,2024-09-03,ACH
PMT-00396,Vertex Staffing Solutions,INV-048-41564,447.5,2024-09-04,Wire
PMT-00100,Vertex Travel Services,INV-049-24263,1541.73,2024-09-04,Check
PMT-00523,Pinehurst Security Systems,INV-036-73128,2440.01,2024-09-05,ACH
PMT-00914,Pinehurst Cleaning Services,INV-032-17075,480.62,2024-09-05,Card
PMT-00307,Ironclad Staffing Solutions,INV-023-97775,1051.53,2024-09-06,Check
PMT-00788,Vertex Software Inc.,INV-047-82351,291.91,2024-09-06,ACH
PMT-00306,Lumen Utilities,INV-028-14495,648.87,2024-09-07,ACH
PMT-00423,Cascade Telecom,INV-008-46679,2147.92,2024-09-09,Check
PMT-00479,Beacon Logistics,INV-000-51771,870.81,2024-09-09,ACH
PMT-00696,Pinehurst Landscaping,INV-034-76762,270.25,2024-09-09,ACH
PMT-00427,Pinehurst Office Solutions,INV-035-42195,2771.92,2024-09-09,ACH
PMT-00278,Cobalt Utilities,INV-012-67832,7547.08,2024-09-10,Check
PMT-00168,Falcon Supply Co.,INV-016-14325,275.72,2024-09-11,Wire
PMT-00317,Silverline Office Solutions,INV-040-72824,1406.27,2024-09-11,Check
PMT-00442,Redwood Cleaning Services,INV-037-64463,9449.14,2024-09-11,Check
PMT-00135,Pinehurst Landscaping,INV-034-89004,6953.89,2024-09-12,Wire
PMT-00359,Northgate Catering,INV-030-98037,3023.48,2024-09-13,Check
PMT-00624,Beacon Logistics,INV-000-65778,1914.57,2024-09-14,Check
PMT-00757,Cascade Travel Services,INV-009-46769,244.0,2024-09-14,Check
PMT-00466,Pinehurst Landscaping,INV-034-38757,78.96,2024-09-14,ACH
PMT-00631,Pinehurst Cleaning Services,INV-032-50622,325.37,2024-09-14,Card
PMT-00535,Ironclad Equipment Rental,INV-022-81695,408.2,2024-09-15,ACH
PMT-00768,Harbor Office Solutions,INV-019-92042,250.07,2024-09-15,ACH
PMT-00167,Harbor Equipment Rental,INV-017-17854,436.05,2024-09-16,ACH
PMT-00524,Falcon Supply Co.,INV-016-39325,669.08,2024-09-16,ACH
PMT-00839,Silverline Freight,INV-039-30101,2003.04,2024-09-17,Check
PMT-00104,Union Cleaning Services,INV-043-77369,2038.68,2024-09-17,ACH
PMT-00559,Harbor Office Solutions,INV-019-66872,951.99,2024-09-17,ACH
PMT-00195,Crestview Landscaping,INV-013-14161,3125.25,2024-09-17,ACH
PMT-00771,Silverline Waste Management,INV-042-33305,1100.29,2024-09-17,ACH
PMT-00051,Vertex Software Inc.,INV-047-17841,460.67,2024-09-18,Check
PMT-00610,Silverline Utilities,INV-041-87616,4100.5,2024-09-19,Check
PMT-00166,Silverline Office Solutions,INV-040-67845,4393.93,2024-09-19,Check
PMT-00335,Lumen Telecom,INV-027-64153,606.65,2024-09-20,ACH
PMT-00527,Lumen Catering,INV-024-59052,2225.92,2024-09-20,ACH
PMT-00247,Cascade Catering,INV-005-51281,726.2,2024-09-20,Card
PMT-00103,Vertex Staffing Solutions,INV-048-33997,143.02,2024-09-20,Check
PMT-00082,Falcon Supply Co.,INV-016-18987,12282.62,2024-09-21,ACH
PMT-00237,Blue Ridge Insurance Group,INV-003-96580,3583.84,2024-09-21,ACH
PMT-00844,Vantage Supply Co.,INV-045-89799,1966.75,2024-09-21,Wire
PMT-00210,Coastal Freight,INV-010-17108,73.43,2024-09-21,Wire
PMT-00145,Northgate Travel Services,INV-031-59035,568.5,2024-09-21,ACH
PMT-00334,Cobalt Utilities,INV-012-35456,976.27,2024-09-21,Check
PMT-00155,Blue Ridge Insurance Group,INV-003-39511,421.61,2024-09-22,Wire
PMT-00005,Blue Ridge Utilities,INV-004-27899,1028.49,2024-09-22,Check
PMT-00352,Silverline Freight,INV-039-71429,272.91,2024-09-22,ACH
PMT-00578,Crestview Legal Services,INV-014-63003,1711.61,2024-09-23,Wire
PMT-00043,Beacon Logistics,INV-000-60076,4805.73,2024-09-23,ACH
PMT-00123,Lumen Cleaning Services,INV-025-62397,908.07,2024-09-23,ACH
PMT-00383,Northgate Catering,INV-030-15553,1980.8,2024-09-23,Check
PMT-00776,Harbor IT Services,INV-018-56662,1882.1,2024-09-24,Check
PMT-00769,Harbor Travel Services,INV-020-58918,1405.72,2024-09-24,Check
PMT-00574,Harbor Travel Services,INV-020-55493,999.53,2024-09-25,Check
PMT-00679,Harbor Equipment Rental,INV-017-32878,1977.34,2024-09-25,ACH
PMT-00699,Vantage Consulting Group,INV-044-73064,3438.88,2024-09-26,Check
PMT-00505,Lumen Utilities,INV-028-99826,481.39,2024-09-26,Card
PMT-00646,Lumen Telecom,INV-027-49730,8978.29,2024-09-26,ACH
PMT-00548,Lumen Utilities,INV-028-47236,856.64,2024-09-27,Check
PMT-00093,Harbor Travel Services,INV-020-33645,752.73,2024-09-27,Wire
PMT-00169,Silverline Utilities,INV-041-23021,706.32,2024-09-27,Wire
PMT-00106,Harbor Travel Services,INV-020-82358,6120.17,2024-09-27,Wire
PMT-00629,Harbor IT Services,INV-018-37123,714.49,2024-09-28,ACH
PMT-00287,Harbor IT Services,INV-018-93002,511.63,2024-09-28,Card
PMT-00595,Cascade Telecom,INV-008-39487,694.92,2024-09-28,ACH
PMT-00633,Vertex Software Inc.,INV-047-48485,2128.72,2024-09-30,ACH
PMT-00243,Lumen Maintenance Corp,INV-026-80841,2203.06,2024-09-30,Wire
PMT-00381,Cascade Office Solutions,INV-007-13768,528.17,2024-09-30,ACH
PMT-00437,Pinehurst Security Systems,INV-036-93798,3015.53,2024-09-30,ACH
PMT-00588,Pinehurst Security Systems,INV-036-88667,747.36,2024-10-01,Check
PMT-00609,Ironclad Equipment Rental,INV-022-74506,384.64,2024-10-01,Card
PMT-00134,Vertex Travel Services,INV-049-14419,767.66,2024-10-02,ACH
PMT-00503,Blue Ridge Insurance Group,INV-003-56775,772.26,2024-10-02,ACH
PMT-00630,Blue Ridge Utilities,INV-004-66460,1014.27,2024-10-02,ACH
PMT-00265,Lumen Utilities,INV-028-22262,1002.3,2024-10-02,ACH
PMT-00266,Cascade Telecom,INV-008-52125,1031.37,2024-10-03,Card
PMT-00276,Pinehurst Office Solutions,INV-035-87820,611.83,2024-10-04,ACH
PMT-00242,Meridian Travel Services,INV-029-50461,1124.12,2024-10-04,Wire
PMT-00639,Meridian Travel Services,INV-029-64489,765.16,2024-10-05,Check
PMT-00272,Pinehurst Facilities Management,INV-033-68216,379.3,2024-10-05,Wire
PMT-00498,Cascade Telecom,INV-008-46985,554.86,2024-10-05,ACH
PMT-00636,Ironclad Staffing Solutions,INV-023-58170,866.43,2024-10-06,Wire
PMT-00083,Harbor Office Solutions,INV-019-83361,1140.29,2024-10-06,ACH
PMT-00305,Blue Ridge Insurance Group,INV-003-52560,1671.6,2024-10-06,ACH
PMT-00703,Silverline Freight,INV-039-26256,1065.04,2024-10-07,ACH
PMT-00110,Lumen Cleaning Services,INV-025-12403,634.43,2024-10-08,ACH
PMT-00684,Falcon Facilities Management,INV-015-19831,223.49,2024-10-08,Card
PMT-00789,Cascade Office Solutions,INV-007-66124,2878.4,2024-10-08,Wire
PMT-00003,Cascade Office Solutions,INV-007-37061,2476.78,2024-10-08,ACH
PMT-00486,Ironclad Staffing Solutions,INV-023-92981,6798.54,2024-10-08,ACH
PMT-00792,Cascade Travel Services,INV-009-93778,2125.68,2024-10-08,ACH
PMT-00841,Cascade Travel Services,INV-009-31130,1938.13,2024-10-12,Check
PMT-00238,Pinehurst Landscaping,INV-034-23703,2035.12,2024-10-12,Card
PMT-00476,Vertex Software Inc.,INV-047-94573,4028.06,2024-10-12,ACH
PMT-00816,Harbor Office Solutions,INV-019-93707,1009.67,2024-10-12,Wire
PMT-00625,Blue Ridge Analytics,INV-002-55778,2217.52,2024-10-13,ACH
PMT-00564,Vertex Travel Services,INV-049-52876,1981.08,2024-10-13,ACH
PMT-00212,Crestview Landscaping,INV-013-47890,1922.5,2024-10-14,ACH
PMT-00060,Falcon Facilities Management,INV-015-66501,1267.05,2024-10-14,Check
PMT-00556,Vertex Staffing Solutions,INV-048-35068,332.61,2024-10-15,Check
PMT-00598,Cascade Office Solutions,INV-007-62185,1308.02,2024-10-15,ACH
PMT-00281,Lumen Maintenance Corp,INV-026-86237,541.87,2024-10-16,Check
PMT-00848,Vertex Analytics,INV-046-64904,2646.78,2024-10-17,ACH
PMT-00159,Cascade Telecom,INV-008-52838,1406.35,2024-10-17,Card
PMT-00586,Union Cleaning Services,INV-043-75331,775.61,2024-10-17,ACH
PMT-00632,Pinehurst Security Systems,INV-036-92964,826.08,2024-10-17,ACH
PMT-00312,Cascade Telecom,INV-008-83761,9525.3,2024-10-17,ACH
PMT-00389,Ironclad Equipment Rental,INV-022-46709,2486.37,2024-10-17,ACH
PMT-00435,Lumen Catering,INV-024-34963,633.73,2024-10-17,ACH
PMT-00765,Cascade Office Solutions,INV-007-43400,248.91,2024-10-18,ACH
PMT-00089,Beacon Logistics,INV-000-17906,2699.6,2024-10-18,ACH
PMT-00224,Harbor Equipment Rental,INV-017-57278,526.56,2024-10-19,Card
PMT-00747,Pinehurst Facilities Management,INV-033-22988,844.45,2024-10-20,Wire
PMT-00152,Cascade Freight,INV-006-45742,176.95,2024-10-20,ACH
PMT-00144,Highland Staffing Solutions,INV-021-61811,1096.77,2024-10-20,Card
PMT-00350,Blue Ridge Utilities,INV-004-28087,1849.49,2024-10-21,Card
PMT-00406,Lumen Utilities,INV-028-82838,366.12,2024-10-21,ACH
PMT-00618,Ironclad Staffing Solutions,INV-023-11599,4288.9,2024-10-21,Check
PMT-00291,Cobalt Utilities,INV-012-85077,2350.69,2024-10-21,Wire
PMT-00358,Vertex Staffing Solutions,INV-048-12348,1077.12,2024-10-21,ACH
PMT-00740,Cascade Telecom,INV-008-30978,13294.98,2024-10-22,Check
PMT-00898,Union Cleaning Services LLC,INV-043-75331,775.61,2024-10-22,ACH
PMT-00163,Vertex Staffing Solutions,INV-048-10474,3955.22,2024-10-22,Wire
PMT-00173,Harbor Equipment Rental,INV-017-63669,837.1,2024-10-22,ACH
PMT-00860,Union Cleaning Services,INV-043-75331,775.61,2024-10-22,Wire
PMT-00118,Union Cleaning Services,INV-043-41532,1314.37,2024-10-22,Card
PMT-00645,Lumen Catering,INV-024-94516,357.11,2024-10-22,Check
PMT-00912,Cascade Telecom,INV-008-46500,1031.37,2024-10-22,Card
PMT-00342,Union Cleaning Services,INV-043-38653,787.46,2024-10-23,ACH
PMT-00264,Northgate Travel Services,INV-031-63058,1733.94,2024-10-23,Card
PMT-00311,Ironclad Equipment Rental,INV-022-20933,579.22,2024-10-23,Card
PMT-00791,Cascade Office Solutions,INV-007-64458,402.54,2024-10-23,Check
PMT-00674,Harbor Office Solutions,INV-019-36772,76.03,2024-10-23,Check
PMT-00814,Redwood Cleaning Services,INV-037-81795,2044.74,2024-10-24,Card
PMT-00657,Union Cleaning Services,INV-043-49030,198.8,2024-10-25,Wire
PMT-00664,Vertex Analytics,INV-046-72036,2998.53,2024-10-25,ACH
PMT-00282,Pinehurst Landscaping,INV-034-17407,6661.84,2024-10-26,Check
PMT-00301,Crestview Legal Services,INV-014-64369,1255.06,2024-10-26,Card
PMT-00340,Ironclad Equipment Rental,INV-022-62778,3105.68,2024-10-27,Check
PMT-00793,Harbor Office Solutions,INV-019-36405,8299.63,2024-10-27,ACH
PMT-00461,Redwood Cleaning Services,INV-037-93509,3450.73,2024-10-28,ACH
PMT-00592,Lumen Cleaning Services,INV-025-55551,338.03,2024-10-28,ACH
PMT-00597,Northgate Travel Services,INV-031-16709,4862.01,2024-10-28,ACH
PMT-00136,Lumen Telecom,INV-027-80210,239.71,2024-10-29,ACH
PMT-00691,Harbor Office Solutions,INV-019-12870,1322.58,2024-10-29,ACH
PMT-00341,Blue Ridge Utilities,INV-004-33587,1140.47,2024-10-29,Wire
PMT-00583,Ironclad Staffing Solutions,INV-023-90403,644.65,2024-10-29,Wire
PMT-00283,Union Cleaning Services,INV-043-40357,729.51,2024-10-30,ACH
PMT-00369,Cascade Freight,INV-006-49362,3152.64,2024-10-30,ACH
PMT-00897,"Pinehurst Landscaping,",INV-034-17407,6661.84,2024-10-30,ACH
PMT-00729,Northgate Catering,INV-030-12974,2179.34,2024-10-30,ACH
PMT-00182,Ironclad Staffing Solutions,INV-023-61934,767.58,2024-10-31,Check
PMT-00020,Harbor Travel Services,INV-020-43829,4546.46,2024-11-01,ACH
PMT-00794,Falcon Facilities Management,INV-015-37526,986.62,2024-11-01,Card
PMT-00746,Harbor Office Solutions,INV-019-59206,1116.82,2024-11-01,ACH
PMT-00297,Cascade Telecom,INV-008-46952,1475.2,2024-11-02,ACH
PMT-00919,Crestview Legal Services,INV-014-84861,1255.06,2024-11-02,Card
PMT-00380,Crestview Landscaping,INV-013-96805,958.6,2024-11-04,Wire
PMT-00351,Falcon Supply Co.,INV-016-24217,3680.32,2024-11-04,Card
PMT-00843,Vertex Software Inc.,INV-047-48717,1009.14,2024-11-05,ACH
PMT-00700,Redwood Marketing Partners,INV-038-20181,783.1,2024-11-06,Check
PMT-00449,Pinehurst Security Systems,INV-036-10839,4836.74,2024-11-06,ACH
PMT-00590,Harbor Equipment Rental,INV-017-77592,3168.37,2024-11-07,Check
PMT-00303,Vertex Software Inc.,INV-047-39878,1761.82,2024-11-07,ACH
PMT-00102,Vertex Staffing Solutions,INV-048-72397,2160.22,2024-11-07,Check
PMT-00009,Lumen Utilities,INV-028-18396,1904.09,2024-11-07,ACH
PMT-00371,Redwood Marketing Partners,INV-038-30427,3934.19,2024-11-07,ACH
PMT-00289,Pinehurst Security Systems,INV-036-76385,1120.29,2024-11-07,ACH
PMT-00652,Pinehurst Cleaning Services,INV-032-34142,2475.02,2024-11-08,Card
PMT-00077,Cascade Office Solutions,INV-007-87540,2011.96,2024-11-08,ACH
PMT-00540,Blue Ridge Analytics,INV-002-75439,290.64,2024-11-08,ACH
PMT-00651,Vantage Consulting Group,INV-044-32764,10570.56,2024-11-09,ACH
PMT-00554,Harbor IT Services,INV-018-72882,2443.41,2024-11-09,Check
PMT-00158,Cascade Travel Services,INV-009-85335,1354.87,2024-11-09,ACH
PMT-00074,Harbor Equipment Rental,INV-017-91595,4969.48,2024-11-10,ACH
PMT-00482,Blue Ridge Analytics,INV-002-99746,4065.66,2024-11-11,ACH
PMT-00010,Beacon Maintenance Corp,INV-001-90611,367.62,2024-11-11,ACH
PMT-00416,Ironclad Staffing Solutions,INV-023-98385,1120.65,2024-11-12,Card
PMT-00028,Silverline Waste Management,INV-042-31687,3428.8,2024-11-12,ACH
PMT-00785,Silverline Office Solutions,INV-040-13095,1447.77,2024-11-12,Check
PMT-00509,Falcon Supply Co.,INV-016-59030,2644.0,2024-11-13,ACH
PMT-00521,Northgate Travel Services,INV-031-87372,1382.73,2024-11-13,Check
PMT-00530,Cascade Catering,INV-005-44751,5708.38,2024-11-14,Check
PMT-00410,Coastal Legal Services,INV-011-32747,767.06,2024-11-14,Check
PMT-00731,Lumen Cleaning Services,INV-025-78464,4021.54,2024-11-15,ACH
PMT-00377,Cascade Office Solutions,INV-007-73495,532.62,2024-11-16,Check
PMT-00319,Vertex Analytics,INV-046-31438,5228.6,2024-11-16,ACH
PMT-00408,Cascade Freight,INV-006-97942,1303.76,2024-11-16,ACH
PMT-00246,Cascade Catering,INV-005-76319,2649.3,2024-11-16,ACH
PMT-00604,Vertex Analytics,INV-046-63097,2587.96,2024-11-17,ACH
PMT-00736,Coastal Freight,INV-010-23406,1906.16,2024-11-17,ACH
PMT-00808,Vertex Analytics,INV-046-13791,1966.67,2024-11-17,Check
PMT-00362,Falcon Facilities Management,INV-015-72540,310.67,2024-11-17,Wire
PMT-00343,Lumen Maintenance Corp,INV-026-32920,349.3,2024-11-19,ACH
PMT-00096,Lumen Utilities,INV-028-28773,1548.51,2024-11-19,ACH
PMT-00196,Harbor IT Services,INV-018-10132,951.14,2024-11-19,ACH
PMT-00063,Vertex Software Inc.,INV-047-13024,358.4,2024-11-20,ACH
PMT-00552,Harbor Equipment Rental,INV-017-74719,954.72,2024-11-20,Card
PMT-00857,Beacon Maintenance Corp,INV-001-90611,367.62,2024-11-20,ACH
PMT-00008,Vantage Supply Co.,INV-045-66431,26402.06,2024-11-20,ACH
PMT-00024,Highland Staffing Solutions,INV-021-98912,1083.69,2024-11-22,ACH
PMT-00233,Lumen Catering,INV-024-13688,977.92,2024-11-22,ACH
PMT-00829,Vantage Supply Co.,INV-045-82980,233.53,2024-11-22,ACH
PMT-00827,Silverline Freight,INV-039-73604,3340.65,2024-11-22,Check
PMT-00911,Pinehurst Security Systems,INV-036-68290,1120.29,2024-11-22,Wire
PMT-00260,Blue Ridge Utilities,INV-004-81794,88.59,2024-11-22,ACH
PMT-00405,Lumen Maintenance Corp,INV-026-88887,5126.98,2024-11-23,Check
PMT-00798,Harbor IT Services,INV-018-69131,802.86,2024-11-23,ACH
PMT-00806,Coastal Freight,INV-010-39540,281.57,2024-11-23,Check
PMT-00170,Harbor Equipment Rental,INV-017-57276,5905.41,2024-11-24,ACH
PMT-00411,Meridian Travel Services,INV-029-85861,2124.66,2024-11-25,Check
PMT-00856,Lumen Maintenance Corp,INV-026-32920,349.3,2024-11-25,ACH
PMT-00017,Vertex Software Inc.,INV-047-62567,1734.77,2024-11-25,Card
PMT-00675,Cobalt Utilities,INV-012-76371,158.74,2024-11-25,ACH
PMT-00225,Harbor Equipment Rental,INV-017-34528,1140.16,2024-11-25,ACH
PMT-00129,Pinehurst Cleaning Services,INV-032-50126,869.09,2024-11-25,ACH
PMT-00712,Northgate Travel Services,INV-031-94385,3681.79,2024-11-26,ACH
PMT-00658,Lumen Maintenance Corp,INV-026-47039,1535.37,2024-11-27,ACH
PMT-00835,Coastal Freight,INV-010-76929,572.24,2024-11-27,ACH
PMT-00360,Cobalt Utilities,INV-012-30712,4640.9,2024-11-28,Card
PMT-00481,Silverline Office Solutions,INV-040-98691,3200.44,2024-11-29,Card
PMT-00280,Northgate Catering,INV-030-73699,379.57,2024-11-29,ACH
PMT-00221,Harbor Equipment Rental,INV-017-12020,479.84,2024-11-30,Wire
PMT-00339,Beacon Maintenance Corp,INV-001-38743,2444.11,2024-11-30,ACH
PMT-00689,Cascade Telecom,INV-008-45567,1210.18,2024-11-30,Check
PMT-00320,Pinehurst Facilities Management,INV-033-90248,1469.45,2024-12-01,ACH
PMT-00076,Blue Ridge Insurance Group,INV-003-33581,512.91,2024-12-01,Check
PMT-00915,Harbor IT Services,INV-018-92105,951.14,2024-12-01,Wire
PMT-00372,Cobalt Utilities,INV-012-69683,1261.5,2024-12-01,ACH
PMT-00171,Falcon Facilities Management,INV-015-27277,3289.24,2024-12-01,ACH
PMT-00263,Vertex Travel Services,INV-049-16781,4352.79,2024-12-01,ACH
PMT-00222,Ironclad Staffing Solutions,INV-023-58835,1004.7,2024-12-02,Card
PMT-00901,Blue Ridge Insurance Group LLC,INV-003-33581,512.91,2024-12-02,ACH
PMT-00309,Falcon Facilities Management,INV-015-80315,701.46,2024-12-02,Wire
PMT-00071,Harbor IT Services,INV-018-17144,50.0,2024-12-03,ACH
PMT-00206,Coastal Legal Services,INV-011-70511,4839.94,2024-12-03,ACH
PMT-00422,Blue Ridge Analytics,INV-002-94954,972.56,2024-12-04,ACH
PMT-00869,Crestview Landscaping,INV-013-84410,9440.81,2024-12-05,Card
PMT-00613,Lumen Maintenance Corp,INV-026-52491,1180.13,2024-12-05,ACH
PMT-00515,Blue Ridge Analytics,INV-002-47518,1421.53,2024-12-05,Check
PMT-00489,Harbor IT Services,INV-018-45787,48000.0,2024-12-05,Check
PMT-00795,Vantage Consulting Group,INV-044-54670,403.62,2024-12-05,ACH
PMT-00804,Ironclad Staffing Solutions,INV-023-30169,10896.39,2024-12-06,ACH
PMT-00258,Beacon Logistics,INV-000-91084,689.98,2024-12-06,Check
PMT-00868,Crestview Landscaping,INV-013-86732,9086.86,2024-12-07,ACH
PMT-00279,Redwood Marketing Partners,INV-038-75873,3547.26,2024-12-07,ACH
PMT-00822,Redwood Cleaning Services,INV-037-99483,172.62,2024-12-07,Check
PMT-00219,Vertex Travel Services,INV-049-36609,1232.57,2024-12-08,Card
PMT-00662,Redwood Marketing Partners,INV-038-63725,776.27,2024-12-08,Check
PMT-00165,Northgate Catering,INV-030-58951,154.95,2024-12-08,Wire
PMT-00133,Cobalt Utilities,INV-012-73553,1212.2,2024-12-10,ACH
PMT-00338,Northgate Catering,INV-030-70815,511.04,2024-12-10,ACH
PMT-00537,Beacon Logistics,INV-000-68203,7340.82,2024-12-10,ACH
PMT-00126,Cascade Travel Services,INV-009-45705,164.72,2024-12-10,Wire
PMT-00273,Blue Ridge Insurance Group,INV-003-80803,2895.48,2024-12-10,ACH
PMT-00378,Vertex Analytics,INV-046-99418,1777.91,2024-12-12,ACH
PMT-00016,Lumen Cleaning Services,INV-025-73634,1034.72,2024-12-12,Check
PMT-00889,Silverline Utilities,INV-041-17324,9038.7,2024-12-13,ACH
PMT-00434,Vantage Supply Co.,INV-045-45563,2704.79,2024-12-13,ACH
PMT-00891,Silverline Utilities,INV-041-27722,9625.64,2024-12-14,Card
PMT-00376,Ironclad Equipment Rental,INV-022-29919,1973.0,2024-12-14,ACH
PMT-00709,Cobalt Utilities,INV-012-43318,223.8,2024-12-15,Check
PMT-00044,Harbor IT Services,INV-018-83185,243.36,2024-12-16,ACH
PMT-00112,Falcon Supply Co.,INV-016-64126,2052.3,2024-12-16,Card
PMT-00033,Vertex Analytics,INV-046-19588,2245.63,2024-12-17,ACH
PMT-00031,Coastal Freight,INV-010-35708,36761.55,2024-12-17,Wire
PMT-00355,Cascade Office Solutions,INV-007-64441,2223.38,2024-12-17,Wire
PMT-00890,Silverline Utilities,INV-041-48661,9828.32,2024-12-17,ACH
PMT-00147,Vertex Staffing Solutions,INV-048-27778,2541.11,2024-12-18,Check
PMT-00231,Pinehurst Cleaning Services,INV-032-16392,839.8,2024-12-19,ACH
PMT-00726,Crestview Landscaping,INV-013-32651,846.34,2024-12-19,ACH
PMT-00580,Vertex Analytics,INV-046-35006,176.11,2024-12-19,Check
PMT-00779,Vantage Supply Co.,INV-045-52248,1582.69,2024-12-20,Check
PMT-00593,Beacon Maintenance Corp,INV-001-27837,272.77,2024-12-21,Wire
PMT-00331,Lumen Utilities,INV-028-14745,900.27,2024-12-22,ACH
PMT-00668,Lumen Maintenance Corp,INV-026-78999,1638.23,2024-12-22,Wire
PMT-00011,Vantage Consulting Group,INV-044-60795,636.0,2024-12-22,ACH
PMT-00177,Vantage Supply Co.,INV-045-61250,3600.29,2024-12-23,Check
PMT-00172,Ironclad Equipment Rental,INV-022-96523,356.18,2024-12-23,ACH
PMT-00204,Blue Ridge Utilities,INV-004-57922,579.8,2024-12-24,Wire
PMT-00271,Cobalt Utilities,INV-012-22054,2247.11,2024-12-24,Check
PMT-00802,Ironclad Staffing Solutions,INV-023-97131,319.27,2024-12-24,ACH
PMT-00323,Pinehurst Office Solutions,INV-035-38511,787.02,2024-12-25,ACH
PMT-00131,Coastal Freight,INV-010-24714,2072.31,2024-12-25,Card
PMT-00474,Falcon Facilities Management,INV-015-52426,2599.2,2024-12-25,Check
PMT-00913,Coastal Freight,INV-010-89419,499.33,2024-12-25,ACH
PMT-00713,Vertex Analytics,INV-046-18903,27257.51,2024-12-26,ACH
PMT-00035,Vertex Travel Services,INV-049-56411,1398.3,2024-12-26,ACH
PMT-00607,Cascade Travel Services,INV-009-23560,2064.99,2024-12-26,Card
PMT-00739,Harbor Equipment Rental,INV-017-73960,241.47,2024-12-26,ACH
PMT-00184,Cobalt Utilities,INV-012-62384,484.33,2024-12-27,ACH
PMT-00021,Lumen Catering,INV-024-41361,1974.55,2024-12-27,Card
PMT-00049,Lumen Catering,INV-024-56373,3405.72,2024-12-27,Wire
PMT-00004,Harbor IT Services,INV-018-61918,430.73,2024-12-27,Check
PMT-00412,Lumen Cleaning Services,INV-025-99472,543.94,2024-12-27,ACH
PMT-00677,Ironclad Staffing Solutions,INV-023-18223,167.57,2024-12-27,ACH
PMT-00248,Vantage Supply Co.,INV-045-44082,425.24,2024-12-27,Card
PMT-00234,Silverline Office Solutions,INV-040-85658,6904.24,2024-12-27,Wire
PMT-00368,Lumen Cleaning Services,INV-025-92779,1182.4,2024-12-28,Wire
PMT-00619,Lumen Telecom,INV-027-81047,3998.73,2024-12-29,ACH
PMT-00249,Pinehurst Facilities Management,INV-033-57068,1499.56,2024-12-29,Check
PMT-00078,Silverline Utilities,INV-041-68209,1758.68,2024-12-30,Check
PMT-00862,Vantage Consulting Group,INV-044-60795,636.0,2024-12-30,Check
PMT-00142,Coastal Freight,INV-010-37103,499.33,2024-12-31,Check
PMT-00895,Pinehurst Facilities Management LLC,INV-033-57068,1499.56,2024-12-31,Card
PMT-00864,Vertex Travel Services,INV-049-56411,1398.3,2024-12-31,Card
