po_id,approved
PO-00001,True
PO-00002,True
PO-00003,True
PO-00004,True
PO-00005,True
PO-00006,True
PO-00007,True
PO-00008,True
PO-00009,True
PO-00010,True
PO-00011,True
PO-00012,True
PO-00013,True
PO-00014,True
PO-00015,True
PO-00016,True
PO-00017,True
PO-00018,True
PO-00019,True
PO-00020,True
PO-00021,True
PO-00022,True
PO-00023,True
PO-00024,True
PO-00025,True
PO-00026,True
PO-00027,True
PO-00028,True
PO-00029,True
PO-00030,True
PO-00031,True
PO-00032,True
PO-00033,True
PO-00034,True
PO-00035,True
PO-00036,True
PO-00037,True
PO-00038,True
PO-00039,False
PO-00040,True
PO-00041,True
PO-00042,True
PO-00043,True
PO-00044,True
PO-00045,True
PO-00046,True
PO-00047,True
PO-00048,True
PO-00049,True
PO-00050,True
PO-00051,True
PO-00052,True
PO-00053,True
PO-00054,True
PO-00055,True
PO-00056,True
PO-00057,True
PO-00058,True
PO-00059,True
PO-00060,True
PO-00061,True
PO-00062,True
PO-00063,True
PO-00064,True
PO-00065,True
PO-00066,True
PO-00067,True
PO-00068,True
PO-00069,True
PO-00070,True
PO-00071,True
PO-00072,True
PO-00073,True
PO-00074,True
PO-00075,True
PO-00076,True
PO-00077,True
PO-00078,True
PO-00079,True
PO-00080,True
PO-00081,True
PO-00082,True
PO-00083,True
PO-00084,True
PO-00085,True
PO-00086,True
PO-00087,True
PO-00088,True
PO-00089,True
PO-00090,True
PO-00091,True
PO-00092,True
PO-00093,True
PO-00094,True
PO-00095,True
PO-00096,True
PO-00097,True
PO-00098,True
PO-00099,True
PO-00100,True
PO-00101,True
PO-00102,True
PO-00103,False
PO-00104,True
PO-00105,True
PO-00106,True
PO-00107,True
PO-00108,True
PO-00109,True
PO-00110,True
PO-00111,True
PO-00112,True
PO-00113,True
PO-00114,True
PO-00115,True
PO-00116,True
PO-00117,True
PO-00118,True
PO-00119,True
PO-00120,False
PO-00121,True
PO-00122,True
PO-00123,True
PO-00124,True
PO-00125,True
PO-00126,True
PO-00127,True
PO-00128,True
PO-00129,True
PO-00130,False
PO-00131,True
PO-00132,True
PO-00133,True
PO-00134,True
PO-00135,True
PO-00136,True
PO-00137,True
PO-00138,True
PO-00139,True
PO-00140,True
PO-00141,True
PO-00142,True
PO-00143,True
PO-00144,True
PO-00145,True
PO-00146,True
PO-00147,True
PO-00148,False
PO-00149,True
PO-00150,True
PO-00151,True
PO-00152,True
PO-00153,True
PO-00154,True
PO-00155,True
PO-00156,True
PO-00157,True
PO-00158,True
PO-00159,True
PO-00160,True
PO-00161,True
PO-00162,True
PO-00163,True
PO-00164,True
PO-00165,True
PO-00166,True
PO-00167,True
PO-00168,True
PO-00169,True
PO-00170,True
PO-00171,True
PO-00172,True
PO-00173,True
PO-00174,True
PO-00175,True
PO-00176,True
PO-00177,True
PO-00178,True
PO-00179,True
PO-00180,True
PO-00181,True
PO-00182,True
PO-00183,True
PO-00184,True
PO-00185,True
PO-00186,True
PO-00187,True
PO-00188,True
PO-00189,True
PO-00190,True
PO-00191,True
PO-00192,True
PO-00193,True
PO-00194,True
PO-00195,True
PO-00196,True
PO-00197,True
PO-00198,True
PO-00199,True
PO-00200,True
PO-00201,True
PO-00202,True
PO-00203,True
PO-00204,True
PO-00205,True
PO-00206,True
PO-00207,True
PO-00208,True
PO-00209,True
PO-00210,True
PO-00211,True
PO-00212,True
PO-00213,True
PO-00214,True
PO-00215,True
PO-00216,True
PO-00217,True
PO-00218,True
PO-00219,True
PO-00220,True
PO-00221,True
PO-00222,True
PO-00223,True
PO-00224,True
PO-00225,True
PO-00226,True
PO-00227,True
PO-00228,True
PO-00229,True
PO-00230,True
PO-00231,True
PO-00232,True
PO-00233,True
PO-00234,True
PO-00235,True
PO-00236,True
PO-00237,True
PO-00238,True
PO-00239,True
PO-00240,True
PO-00241,True
PO-00242,True
PO-00243,True
PO-00244,True
PO-00245,True
PO-00246,True
PO-00247,True
PO-00248,True
PO-00249,True
PO-00250,True
PO-00251,True
PO-00252,True
PO-00253,True
PO-00254,True
PO-00255,True
PO-00256,True
PO-00257,True
PO-00258,True
PO-00259,True
PO-00260,True
PO-00261,True
PO-00262,True
PO-00263,False
PO-00264,True
PO-00265,True
PO-00266,True
PO-00267,True
PO-00268,True
PO-00269,True
PO-00270,True
PO-00271,True
PO-00272,True
PO-00273,True
PO-00274,True
PO-00275,False
PO-00276,True
PO-00277,True
PO-00278,True
PO-00279,True
PO-00280,True
PO-00281,True
PO-00282,True
PO-00283,True
PO-00284,True
PO-00285,True
PO-00286,True
PO-00287,True
PO-00288,True
PO-00289,True
PO-00290,True
PO-00291,True
PO-00292,True
PO-00293,True
PO-00294,True
PO-00295,True
PO-00296,True
PO-00297,True
PO-00298,True
PO-00299,True
PO-00300,True
PO-00301,True
PO-00302,True
PO-00303,True
PO-00304,True
PO-00305,True
PO-00306,True
PO-00307,True
PO-00308,True
PO-00309,True
PO-00310,True
PO-00311,True
PO-00312,True
PO-00313,True
PO-00314,True
PO-00315,True
PO-00316,True
PO-00317,True
PO-00318,True
PO-00319,True
PO-00320,True
PO-00321,True
PO-00322,True
PO-00323,True
PO-00324,True
PO-00325,True
PO-00326,True
PO-00327,True
PO-00328,True
PO-00329,True
PO-00330,True
PO-00331,True
PO-00332,True
PO-00333,True
PO-00334,True
PO-00335,True
PO-00336,True
PO-00337,True
PO-00338,True
PO-00339,True
PO-00340,True
PO-00341,True
PO-00342,True
PO-00343,True
PO-00344,True
PO-00345,True
PO-00346,True
PO-00347,True
PO-00348,True
PO-00349,True
PO-00350,True
PO-00351,True
PO-00352,True
PO-00353,True
PO-00354,True
PO-00355,False
PO-00356,True
PO-00357,True
PO-00358,True
PO-00359,True
PO-00360,True
PO-00361,True
PO-00362,True
PO-00363,True
PO-00364,True
PO-00365,True
PO-00366,True
PO-00367,True
PO-00368,True
PO-00369,True
PO-00370,True
PO-00371,True
PO-00372,True
PO-00373,True
PO-00374,True
PO-00375,True
PO-00376,True
PO-00377,True
PO-00378,True
PO-00379,True
PO-00380,True
PO-00381,True
PO-00382,True
PO-00383,True
PO-00384,True
PO-00385,True
PO-00386,True
PO-00387,True
PO-00388,True
PO-00389,True
PO-00390,True
PO-00391,False
PO-00392,True
PO-00393,True
PO-00394,True
PO-00395,True
PO-00396,True
PO-00397,False
PO-00398,True
PO-00399,True
PO-00400,True
PO-00401,True
PO-00402,True
PO-00403,True
PO-00404,True
PO-00405,True
PO-00406,True
PO-00407,True
PO-00408,True
PO-00409,True
PO-00410,True
PO-00411,True
PO-00412,True
PO-00413,True
PO-00414,True
PO-00415,True
PO-00416,True
PO-00417,True
PO-00418,True
PO-00419,True
PO-00420,True
PO-00421,True
PO-00422,True
PO-00423,True
PO-00424,True
PO-00425,True
PO-00426,True
PO-00427,True
PO-00428,True
PO-00429,True
PO-00430,True
PO-00431,True
PO-00432,True
PO-00433,True
PO-00434,True
PO-00435,True
PO-00436,True
PO-00437,True
PO-00438,True
PO-00439,True
PO-00440,True
PO-00441,True
PO-00442,True
PO-00443,True
PO-00444,True
PO-00445,True
PO-00446,True
PO-00447,True
PO-00448,True
PO-00449,True
PO-00450,True
PO-00451,True
PO-00452,True
PO-00453,False
PO-00454,True
PO-00455,True
PO-00456,True
PO-00457,True
PO-00458,True
PO-00459,True
PO-00460,True
PO-00461,True
PO-00462,True
PO-00463,True
PO-00464,True
PO-00465,True
PO-00466,False
PO-00467,True
PO-00468,True
PO-00469,True
PO-00470,True
PO-00471,True
PO-00472,True
PO-00473,True
PO-00474,True
PO-00475,True
PO-00476,True
PO-00477,True
PO-00478,True
PO-00479,True
PO-00480,True
PO-00481,True
PO-00482,True
PO-00483,True
PO-00484,True
PO-00485,True
PO-00486,True
PO-00487,True
PO-00488,True
PO-00489,True
PO-00490,True
PO-00491,True
PO-00492,True
PO-00493,True
PO-00494,False
PO-00495,True
PO-00496,True
PO-00497,True
PO-00498,True
PO-00499,True
PO-00500,True
PO-00501,True
PO-00502,True
PO-00503,True
PO-00504,True
PO-00505,True
PO-00506,True
PO-00507,True
PO-00508,True
PO-00509,True
PO-00510,True
PO-00511,True
PO-00512,True
PO-00513,True
PO-00514,True
PO-00515,True
PO-00516,True
PO-00517,True
PO-00518,True
PO-00519,True
PO-00520,True
PO-00521,True
PO-00522,True
PO-00523,True
PO-00524,True
PO-00525,True
PO-00526,True
PO-00527,True
PO-00528,True
PO-00529,True
PO-00530,True
PO-00531,False
PO-00532,True
PO-00533,True
PO-00534,True
PO-00535,True
PO-00536,True
PO-00537,True
PO-00538,True
PO-00539,True
PO-00540,True
PO-00541,True
PO-00542,True
PO-00543,True
PO-00544,True
PO-00545,True
PO-00546,True
PO-00547,True
PO-00548,True
PO-00549,True
PO-00550,True
PO-00551,True
PO-00552,True
PO-00553,True
PO-00554,True
PO-00555,True
PO-00556,True
PO-00557,True
PO-00558,True
PO-00559,True
PO-00560,True
PO-00561,True
PO-00562,True
PO-00563,True
PO-00564,True
PO-00565,True
PO-00566,True
PO-00567,True
PO-00568,True
PO-00569,True
PO-00570,True
PO-00571,True
PO-00572,True
PO-00573,True
PO-00574,True
PO-00575,True
PO-00576,True
PO-00577,True
PO-00578,True
PO-00579,True
PO-00580,True
PO-00581,True
PO-00582,True
PO-00583,True
PO-00584,True
PO-00585,True
PO-00586,True
PO-00587,True
PO-00588,True
PO-00589,True
PO-00590,True
PO-00591,True
PO-00592,True
PO-00593,True
PO-00594,True
PO-00595,True
PO-00596,True
PO-00597,True
PO-00598,True
PO-00599,True
PO-00600,True
PO-00601,True
PO-00602,True
PO-00603,True
PO-00604,True
PO-00605,True
PO-00606,True
PO-00607,True
PO-00608,True
PO-00609,True
PO-00610,True
PO-00611,True
PO-00612,True
PO-00613,True
PO-00614,True
PO-00615,True
PO-00616,True
PO-00617,True
PO-00618,True
PO-00619,True
PO-00620,True
PO-00621,True
PO-00622,True
PO-00623,True
PO-00624,True
PO-00625,True
PO-00626,True
PO-00627,True
PO-00628,True
PO-00629,True
PO-00630,True
PO-00631,True
PO-00632,True
PO-00633,True
PO-00634,True
PO-00635,True
PO-00636,True
PO-00637,True
PO-00638,True
PO-00639,True
PO-00640,True
PO-00641,True
PO-00642,True
PO-00643,True
PO-00644,True
PO-00645,True
PO-00646,True
PO-00647,True
PO-00648,True
PO-00649,True
PO-00650,True
PO-00651,True
PO-00652,True
PO-00653,True
PO-00654,True
PO-00655,True
PO-00656,True
PO-00657,True
PO-00658,True
PO-00659,True
PO-00660,True
PO-00661,True
PO-00662,True
PO-00663,True
PO-00664,True
PO-00665,True
PO-00666,True
PO-00667,True
PO-00668,True
PO-00669,True
PO-00670,True
PO-00671,True
PO-00672,True
PO-00673,True
PO-00674,True
PO-00675,True
PO-00676,True
PO-00677,True
PO-00678,True
PO-00679,True
PO-00680,True
PO-00681,True
PO-00682,True
PO-00683,True
PO-00684,True
PO-00685,True
PO-00686,True
PO-00687,True
PO-00688,True
PO-00689,True
PO-00690,True
PO-00691,True
PO-00692,True
PO-00693,True
PO-00694,True
PO-00695,True
PO-00696,True
PO-00697,True
PO-00698,True
PO-00699,True
PO-00700,True
PO-00701,True
PO-00702,True
PO-00703,True
PO-00704,True
PO-00705,True
PO-00706,True
PO-00707,True
PO-00708,False
PO-00709,True
PO-00710,True
PO-00711,True
PO-00712,True
PO-00713,True
PO-00714,True
PO-00715,True
PO-00716,True
PO-00717,True
PO-00718,True
PO-00719,True
PO-00720,True
PO-00721,True
PO-00722,True
PO-00723,True
PO-00724,True
PO-00725,True
PO-00726,True
PO-00727,True
PO-00728,True
PO-00729,True
PO-00730,True
PO-00731,True
PO-00732,True
PO-00733,True
PO-00734,True
PO-00735,True
PO-00736,True
PO-00737,True
PO-00738,True
PO-00739,True
PO-00740,True
PO-00741,True
PO-00742,True
PO-00743,True
PO-00744,True
PO-00745,True
PO-00746,True
PO-00747,True
PO-00748,True
PO-00749,True
PO-00750,True
PO-00751,True
PO-00752,True
PO-00753,True
PO-00754,True
PO-00755,True
PO-00756,True
PO-00757,True
PO-00758,True
PO-00759,False
PO-00760,True
PO-00761,True
PO-00762,True
PO-00763,True
PO-00764,True
PO-00765,True
PO-00766,True
PO-00767,True
PO-00768,True
PO-00769,True
PO-00770,True
PO-00771,True
PO-00772,True
PO-00773,True
PO-00774,True
PO-00775,True
PO-00776,True
PO-00777,True
PO-00778,True
PO-00779,True
PO-00780,True
PO-00781,True
PO-00782,True
PO-00783,True
PO-00784,True
PO-00785,True
PO-00786,True
PO-00787,True
PO-00788,True
PO-00789,True
PO-00790,True
PO-00791,True
PO-00792,True
PO-00793,True
PO-00794,True
PO-00795,True
PO-00796,True
PO-00797,False
PO-00798,True
PO-00799,True
PO-00800,True
PO-00801,True
PO-00802,True
PO-00803,True
PO-00804,True
PO-00805,True
PO-00806,True
PO-00807,True
PO-00808,True
PO-00809,True
PO-00810,True
PO-00811,True
PO-00812,True
PO-00813,True
PO-00814,True
PO-00815,True
PO-00816,True
PO-00817,True
PO-00818,True
PO-00819,True
PO-00820,True
PO-00821,True
PO-00822,True
PO-00823,True
PO-00824,True
PO-00825,True
PO-00826,True
PO-00827,True
PO-00828,True
PO-00829,True
PO-00830,False
PO-00831,True
PO-00832,True
PO-00833,True
PO-00834,True
PO-00835,True
PO-00836,False
PO-00837,True
PO-00838,True
PO-00839,True
PO-00840,True
PO-00841,True
PO-00842,True
PO-00843,True
PO-00844,True
PO-00845,True
PO-00846,True
PO-00847,True
PO-00848,True
PO-00849,True
PO-00850,True
PO-00851,True
PO-00852,True
PO-00853,True
PO-00854,True
PO-00855,True
PO-00856,True
PO-00857,True
PO-00858,True
PO-00859,True
PO-00860,True
PO-00861,True
PO-00862,True
PO-00863,True
PO-00864,True
PO-00865,True
PO-00866,True
PO-00867,True
PO-00868,True
PO-00869,True
PO-00870,True
PO-00871,True
PO-00872,True
PO-00873,True
PO-00874,True
PO-00875,True
PO-00876,True
PO-00877,True
PO-00878,True
PO-00879,True
PO-00880,True
PO-00881,True
PO-00882,True
PO-00883,True
PO-00884,True
PO-00885,True
PO-00886,True
PO-00887,True
PO-00888,True
PO-00889,True
PO-00890,True
PO-00891,True
PO-00892,True
PO-00893,True
PO-00894,True
PO-00895,True
PO-00896,True
PO-00897,True
PO-00898,True
PO-00899,True
PO-00900,True
PO-00901,True
PO-00902,True
PO-00903,True
PO-00904,True
PO-00905,True
PO-00906,True
PO-00907,True
PO-00908,True
PO-00909,True
PO-00910,True
PO-00911,True
PO-00912,True
PO-00913,True
PO-00914,True
PO-00915,True
PO-00916,True
PO-00917,True
PO-00918,True
PO-00919,True
PO-00920,True
PO-00921,True
PO-00922,True
PO-00923,True
PO-00924,True
PO-00925,True
PO-00926,True
PO-00927,True
PO-00928,True
PO-00929,True
PO-00930,True
PO-00931,True
PO-00932,True
PO-00933,True
PO-00934,True
PO-00935,True
PO-00936,True
PO-00937,True
PO-00938,True
PO-00939,True
PO-00940,True
PO-00941,True
PO-00942,True
PO-00943,True
PO-00944,True
PO-00945,True
PO-00946,True
PO-00947,True
PO-00948,True
PO-00949,True
PO-00950,True
PO-00951,True
PO-00952,True
PO-00953,True
PO-00954,True
PO-00955,True
PO-00956,True
PO-00957,True
PO-00958,True
PO-00959,True
PO-00960,True
PO-00961,True
PO-00962,True
PO-00963,True
PO-00964,True
PO-00965,True
PO-00966,True
PO-00967,True
PO-00968,True
PO-00969,True
PO-00970,True
PO-00971,True
PO-00972,True
PO-00973,True
PO-00974,True
PO-00975,True
PO-00976,True
PO-00977,True
PO-00978,True
PO-00979,True
PO-00980,True
PO-00981,False
PO-00982,True
PO-00983,True
PO-00984,True
PO-00985,True
PO-00986,True
PO-00987,True
PO-00988,True
PO-00989,True
PO-00990,True
PO-00991,True
PO-00992,True
PO-00993,True
PO-00994,True
PO-00995,True
PO-00996,True
PO-00997,True
PO-00998,True
PO-00999,True
PO-01000,True
PO-01001,True
PO-01002,True
PO-01003,True
PO-01004,True
PO-01005,True
PO-01006,True
PO-01007,True
PO-01008,True
PO-01009,True
PO-01010,True
PO-01011,True
PO-01012,True
PO-01013,True
PO-01014,True
PO-01015,True
PO-01016,True
PO-01017,True
PO-01018,True
PO-01019,True
PO-01020,True
PO-01021,True
PO-01022,True
PO-01023,True
PO-01024,True
PO-01025,True
PO-01026,True
PO-01027,False
PO-01028,True
PO-01029,True
PO-01030,True
PO-01031,True
PO-01032,True
PO-01033,True
PO-01034,True
PO-01035,True
PO-01036,True
PO-01037,True
PO-01038,True
PO-01039,True
PO-01040,False
PO-01041,True
PO-01042,True
PO-01043,True
PO-01044,True
PO-01045,True
PO-01046,True
PO-01047,True
PO-01048,True
PO-01049,True
PO-01050,True
PO-01051,True
PO-01052,True
PO-01053,True
PO-01054,True
PO-01055,True
PO-01056,True
PO-01057,True
PO-01058,True
PO-01059,True
PO-01060,True
PO-01061,True
PO-01062,True
PO-01063,True
PO-01064,True
PO-01065,True
PO-01066,True
PO-01067,True
PO-01068,True
PO-01069,True
PO-01070,True
PO-01071,True
PO-01072,True
PO-01073,True
PO-01074,True
PO-01075,True
PO-01076,True
PO-01077,True
PO-01078,True
PO-01079,True
PO-01080,True
PO-01081,False
PO-01082,True
PO-01083,True
PO-01084,True
PO-01085,True
PO-01086,True
PO-01087,True
PO-01088,True
PO-01089,True
PO-01090,True
PO-01091,True
PO-01092,True
PO-01093,True
PO-01094,True
PO-01095,True
PO-01096,True
PO-01097,True
PO-01098,True
PO-01099,True
PO-01100,True
PO-01101,True
PO-01102,True
PO-01103,True
PO-01104,True
PO-01105,False
PO-01106,True
PO-01107,True
PO-01108,True
PO-01109,False
PO-01110,True
PO-01111,True
PO-01112,True
PO-01113,True
PO-01114,True
PO-01115,True
PO-01116,True
PO-01117,True
PO-01118,True
PO-01119,True
PO-01120,True
PO-01121,True
PO-01122,True
PO-01123,True
PO-01124,True
PO-01125,True
PO-01126,True
PO-01127,True
PO-01128,True
PO-01129,True
PO-01130,True
PO-01131,True
PO-01132,True
PO-01133,True
PO-01134,True
PO-01135,True
PO-01136,True
PO-01137,True
PO-01138,True
PO-01139,True
PO-01140,True
PO-01141,True
PO-01142,True
PO-01143,True
PO-01144,True
PO-01145,True
PO-01146,True
PO-01147,True
PO-01148,True
PO-01149,True
PO-01150,True
PO-01151,True
PO-01152,True
PO-01153,True
PO-01154,False
PO-01155,True
PO-01156,True
PO-01157,True
PO-01158,True
PO-01159,True
PO-01160,True
PO-01161,True
PO-01162,True
PO-01163,True
PO-01164,True
PO-01165,True
PO-01166,True
PO-01167,True
PO-01168,True
PO-01169,True
PO-01170,True
PO-01171,True
PO-01172,True
PO-01173,True
PO-01174,True
PO-01175,True
PO-01176,True
PO-01177,True
PO-01178,True
PO-01179,True
PO-01180,True
PO-01181,True
PO-01182,True
PO-01183,True
PO-01184,True
PO-01185,True
PO-01186,True
PO-01187,True
PO-01188,True
PO-01189,True
PO-01190,True
PO-01191,True
PO-01192,True
PO-01193,True
PO-01194,True
PO-01195,True
PO-01196,True
PO-01197,False
PO-01198,True
PO-01199,True
PO-01200,True
PO-01201,True
PO-01202,True
PO-01203,True
PO-01204,True
PO-01205,True
PO-01206,True
PO-01207,True
PO-01208,True
PO-01209,True
PO-01210,True
PO-01211,True
PO-01212,True
PO-01213,True
PO-01214,True
PO-01215,True
PO-01216,True
PO-01217,True
PO-01218,True
PO-01219,True
PO-01220,True
PO-01221,True
PO-01222,True
PO-01223,True
PO-01224,True
PO-01225,True
PO-01226,False
PO-01227,True
PO-01228,True
PO-01229,True
PO-01230,True
PO-01231,True
PO-01232,True
PO-01233,True
PO-01234,True
PO-01235,True
PO-01236,True
PO-01237,True
PO-01238,True
PO-01239,True
PO-01240,True
PO-01241,True
PO-01242,True
PO-01243,True
PO-01244,True
PO-01245,True
PO-01246,True
PO-01247,True
PO-01248,True
PO-01249,True
PO-01250,True
PO-01251,True
PO-01252,True
PO-01253,True
PO-01254,True
PO-01255,True
PO-01256,True
PO-01257,True
PO-01258,True
PO-01259,True
PO-01260,True
PO-01261,True
PO-01262,True
PO-01263,True
PO-01264,True
PO-01265,False
PO-01266,True
PO-01267,True
PO-01268,True
PO-01269,True
PO-01270,True
PO-01271,True
PO-01272,True
PO-01273,True
PO-01274,True
PO-01275,True
PO-01276,True
PO-01277,True
PO-01278,True
PO-01279,True
PO-01280,True
PO-01281,True
PO-01282,True
PO-01283,True
PO-01284,True
PO-01285,True
PO-01286,True
PO-01287,True
PO-01288,True
PO-01289,True
PO-01290,True
PO-01291,True
PO-01292,True
PO-01293,True
PO-01294,True
PO-01295,True
PO-01296,True
PO-01297,True
PO-01298,True
PO-01299,True
PO-01300,True
PO-01301,True
PO-01302,True
PO-01303,True
PO-01304,True
PO-01305,False
PO-01306,True
PO-01307,True
PO-01308,True
PO-01309,True
PO-01310,True
PO-01311,True
PO-01312,True
PO-01313,True
PO-01314,True
PO-01315,True
PO-01316,True
PO-01317,True
PO-01318,True
PO-01319,True
PO-01320,True
PO-01321,True
PO-01322,True
PO-01323,False
PO-01324,False
PO-01325,True
PO-01326,True
PO-01327,True
PO-01328,True
PO-01329,True
PO-01330,True
PO-01331,True
PO-01332,True
PO-01333,True
PO-01334,True
PO-01335,True
PO-01336,True
PO-01337,True
PO-01338,True
PO-01339,True
PO-01340,True
PO-01341,True
PO-01342,True
PO-01343,True
PO-01344,True
PO-01345,True
PO-01346,True
PO-01347,True
PO-01348,True
PO-01349,True
PO-01350,True
PO-01351,True
PO-01352,True
PO-01353,True
PO-01354,True
PO-01355,True
PO-01356,True
PO-01357,True
PO-01358,True
PO-01359,True
PO-01360,True
PO-01361,True
PO-01362,True
PO-01363,True
PO-01364,True
PO-01365,True
PO-01366,True
PO-01367,True
PO-01368,True
PO-01369,True
PO-01370,True
PO-01371,True
PO-01372,True
PO-01373,True
PO-01374,True
PO-01375,True
PO-01376,True
PO-01377,True
PO-01378,True
PO-01379,True
PO-01380,True
PO-01381,True
PO-01382,True
PO-01383,True
PO-01384,True
PO-01385,True
PO-01386,True
PO-01387,True
PO-01388,True
PO-01389,True
PO-01390,True
PO-01391,True
PO-01392,True
PO-01393,True
PO-01394,True
PO-01395,True
PO-01396,True
PO-01397,True
PO-01398,True
PO-01399,True
PO-01400,True
PO-01401,True
PO-01402,True
PO-01403,True
PO-01404,True
PO-01405,True
PO-01406,True
PO-01407,True
PO-01408,True
PO-01409,True
PO-01410,True
PO-01411,True
PO-01412,True
PO-01413,True
PO-01414,True
PO-01415,True
PO-01416,True
PO-01417,True
PO-01418,True
PO-01419,True
PO-01420,False
PO-01421,True
PO-01422,True
PO-01423,True
PO-01424,True
PO-01425,True
PO-01426,True
PO-01427,False
PO-01428,True
PO-01429,True
PO-01430,True
PO-01431,True
PO-01432,True
PO-01433,True
PO-01434,True
PO-01435,True
PO-01436,True
PO-01437,True
PO-01438,True
PO-01439,True
PO-01440,True
PO-01441,True
PO-01442,True
PO-01443,True
PO-01444,True
PO-01445,True
PO-01446,True
PO-01447,True
PO-01448,True
PO-01449,True
PO-01450,True
PO-01451,True
PO-01452,True
PO-01453,True
PO-01454,True
PO-01455,True
PO-01456,True
PO-01457,True
PO-01458,True
PO-01459,False
PO-01460,True
PO-01461,True
PO-01462,True
PO-01463,True
PO-01464,True
PO-01465,True
PO-01466,True
PO-01467,True
PO-01468,True
PO-01469,True
PO-01470,True
PO-01471,True
PO-01472,True
PO-01473,True
PO-01474,True
PO-01475,True
PO-01476,True
PO-01477,True
PO-01478,True
PO-01479,True
PO-01480,True
PO-01481,True
PO-01482,True
PO-01483,True
PO-01484,True
PO-01485,True
PO-01486,True
PO-01487,True
PO-01488,True
PO-01489,True
PO-01490,True
PO-01491,True
PO-01492,True
PO-01493,True
PO-01494,True
PO-01495,True
PO-01496,True
PO-01497,False
PO-01498,True
PO-01499,True
PO-01500,True
PO-01501,True
PO-01502,True
PO-01503,True
PO-01504,True
PO-01505,True
PO-01506,True
PO-01507,True
PO-01508,True
PO-01509,True
PO-01510,True
PO-01511,True
PO-01512,True
PO-01513,True
PO-01514,True
PO-01515,True
PO-01516,True
PO-01517,True
PO-01518,True
PO-01519,True
PO-01520,True
PO-01521,True
PO-01522,True
PO-01523,True
PO-01524,True
PO-01525,True
PO-01526,True
PO-01527,True
PO-01528,False
PO-01529,True
PO-01530,True
PO-01531,True
PO-01532,True
PO-01533,True
PO-01534,True
PO-01535,True
PO-01536,True
PO-01537,True
PO-01538,True
PO-01539,True
PO-01540,True
PO-01541,True
PO-01542,True
PO-01543,True
PO-01544,True
PO-01545,True
PO-01546,True
PO-01547,True
PO-01548,True
PO-01549,True
PO-01550,True
PO-01551,True
PO-01552,True
PO-01553,True
PO-01554,True
PO-01555,True
PO-01556,True
PO-01557,True
PO-01558,True
PO-01559,True
PO-01560,True
PO-01561,True
PO-01562,True
PO-01563,True
PO-01564,True
PO-01565,True
PO-01566,True
PO-01567,True
PO-01568,True
PO-01569,True
PO-01570,True
PO-01571,True
PO-01572,True
PO-01573,True
PO-01574,True
PO-01575,True
PO-01576,True
PO-01577,True
PO-01578,True
PO-01579,True
PO-01580,True
PO-01581,True
PO-01582,True
PO-01583,True
PO-01584,True
PO-01585,True
PO-01586,True
PO-01587,True
PO-01588,True
PO-01589,True
PO-01590,True
PO-01591,True
PO-01592,True
PO-01593,True
PO-01594,True
PO-01595,True
PO-01596,True
PO-01597,True
PO-01598,True
PO-01599,True
PO-01600,True
PO-01601,True
PO-01602,True
PO-01603,True
PO-01604,True
PO-01605,True
PO-01606,True
PO-01607,True
PO-01608,True
PO-01609,True
PO-01610,True
PO-01611,True
PO-01612,True
PO-01613,True
PO-01614,False
PO-01615,True
PO-01616,True
PO-01617,True
PO-01618,True
PO-01619,True
PO-01620,True
PO-01621,True
PO-01622,True
PO-01623,True
PO-01624,True
PO-01625,True
PO-01626,True
PO-01627,True
PO-01628,True
PO-01629,True
PO-01630,True
PO-01631,True
PO-01632,True
PO-01633,True
PO-01634,True
PO-01635,True
PO-01636,True
PO-01637,True
PO-01638,True
PO-01639,True
PO-01640,True
PO-01641,True
PO-01642,False
PO-01643,True
PO-01644,True
PO-01645,True
PO-01646,False
PO-01647,True
PO-01648,True
PO-01649,True
PO-01650,True
PO-01651,True
PO-01652,True
PO-01653,True
PO-01654,True
PO-01655,True
PO-01656,True
PO-01657,True
PO-01658,True
PO-01659,True
PO-01660,True
PO-01661,False
PO-01662,True
PO-01663,True
PO-01664,True
PO-01665,True
PO-01666,True
PO-01667,True
PO-01668,True
PO-01669,True
PO-01670,True
PO-01671,True
PO-01672,True
PO-01673,True
PO-01674,True
PO-01675,True
PO-01676,True
PO-01677,True
PO-01678,True
PO-01679,True
PO-01680,True
PO-01681,True
PO-01682,True
PO-01683,True
PO-01684,True
PO-01685,True
PO-01686,True
PO-01687,True
PO-01688,True
PO-01689,False
PO-01690,True
PO-01691,True
PO-01692,True
PO-01693,True
PO-01694,True
PO-01695,True
PO-01696,True
PO-01697,False
PO-01698,True
PO-01699,True
PO-01700,True
PO-01701,True
PO-01702,True
PO-01703,True
PO-01704,True
PO-01705,True
PO-01706,True
PO-01707,True
PO-01708,True
PO-01709,True
PO-01710,True
PO-01711,True
PO-01712,True
PO-01713,True
PO-01714,True
PO-01715,True
PO-01716,True
PO-01717,True
PO-01718,True
PO-01719,True
PO-01720,True
PO-01721,True
PO-01722,True
PO-01723,True
PO-01724,True
PO-01725,True
PO-01726,True
PO-01727,True
PO-01728,True
PO-01729,True
PO-01730,True
PO-01731,True
PO-01732,True
PO-01733,True
PO-01734,True
PO-01735,True
PO-01736,True
PO-01737,True
PO-01738,True
PO-01739,True
PO-01740,True
PO-01741,True
PO-01742,True
PO-01743,True
PO-01744,True
PO-01745,True
PO-01746,True
PO-01747,True
PO-01748,True
PO-01749,True
PO-01750,True
PO-01751,True
PO-01752,True
PO-01753,True
PO-01754,True
PO-01755,True
PO-01756,True
PO-01757,True
PO-01758,True
PO-01759,True
PO-01760,True
PO-01761,True
PO-01762,True
PO-01763,True
PO-01764,True
PO-01765,True
PO-01766,True
PO-01767,True
PO-01768,True
PO-01769,True
PO-01770,True
PO-01771,True
PO-01772,True
PO-01773,True
PO-01774,True
PO-01775,True
PO-01776,True
PO-01777,True
PO-01778,True
PO-01779,True
PO-01780,True
PO-01781,True
PO-01782,True
PO-01783,True
PO-01784,True
PO-01785,True
PO-01786,True
PO-01787,True
PO-01788,True
PO-01789,True
PO-01790,True
PO-01791,True
PO-01792,True
PO-01793,True
PO-01794,True
PO-01795,True
PO-01796,True
PO-01797,True
PO-01798,True
PO-01799,True
PO-01800,True
PO-01801,False
PO-01802,True
PO-01803,True
PO-01804,True
PO-01805,True
PO-01806,True
PO-01807,True
PO-01808,True
PO-01809,True
PO-01810,True
PO-01811,True
PO-01812,True
PO-01813,True
PO-01814,True
PO-01815,True
PO-01816,True
PO-01817,True
PO-01818,True
PO-01819,True
PO-01820,True
PO-01821,True
PO-01822,True
PO-01823,True
PO-01824,True
PO-01825,True
PO-01826,True
PO-01827,True
PO-01828,True
PO-01829,True
PO-01830,True
PO-01831,True
PO-01832,True
PO-01833,True
PO-01834,True
PO-01835,True
PO-01836,True
PO-01837,True
PO-01838,True
PO-01839,True
PO-01840,True
PO-01841,True
PO-01842,True
PO-01843,True
PO-01844,True
PO-01845,True
PO-01846,True
PO-01847,True
PO-01848,True
PO-01849,True
PO-01850,True
PO-01851,True
PO-01852,True
PO-01853,True
PO-01854,True
PO-01855,True
PO-01856,True
PO-01857,True
PO-01858,True
PO-01859,False
PO-01860,True
PO-01861,True
PO-01862,True
PO-01863,True
PO-01864,True
PO-01865,True
PO-01866,True
PO-01867,False
PO-01868,True
PO-01869,True
PO-01870,True
PO-01871,True
PO-01872,False
PO-01873,True
PO-01874,True
PO-01875,True
PO-01876,True
PO-01877,True
PO-01878,True
PO-01879,True
PO-01880,True
PO-01881,True
PO-01882,True
PO-01883,True
PO-01884,True
PO-01885,True
PO-01886,True
PO-01887,True
PO-01888,True
PO-01889,True
PO-01890,True
PO-01891,True
PO-01892,True
PO-01893,True
PO-01894,True
PO-01895,True
PO-01896,True
PO-01897,True
PO-01898,True
PO-01899,True
PO-01900,True
PO-01901,True
PO-01902,True
PO-01903,True
PO-01904,True
PO-01905,True
PO-01906,True
PO-01907,True
PO-01908,True
PO-01909,True
PO-01910,True
PO-01911,True
PO-01912,True
PO-01913,True
PO-01914,True
PO-01915,True
PO-01916,True
PO-01917,True
PO-01918,True
PO-01919,True
PO-01920,True
PO-01921,True
PO-01922,True
PO-01923,True
PO-01924,True
PO-01925,True
PO-01926,True
PO-01927,True
PO-01928,True
PO-01929,False
PO-01930,True
PO-01931,True
PO-01932,True
PO-01933,True
PO-01934,True
PO-01935,True
PO-01936,False
PO-01937,True
PO-01938,True
PO-01939,True
PO-01940,True
PO-01941,True
PO-01942,True
PO-01943,True
PO-01944,True
PO-01945,True
PO-01946,True
PO-01947,True
PO-01948,True
PO-01949,True
PO-01950,True
PO-01951,True
PO-01952,True
PO-01953,True
PO-01954,True
PO-01955,True
PO-01956,True
PO-01957,True
PO-01958,True
PO-01959,True
PO-01960,True
PO-01961,True
PO-01962,True
PO-01963,True
PO-01964,True
PO-01965,True
PO-01966,True
PO-01967,True
PO-01968,True
PO-01969,True
PO-01970,True
PO-01971,True
PO-01972,True
PO-01973,True
PO-01974,True
PO-01975,True
PO-01976,True
PO-01977,True
PO-01978,True
PO-01979,True
PO-01980,True
PO-01981,True
PO-01982,True
PO-01983,True
PO-01984,True
PO-01985,True
PO-01986,True
PO-01987,True
PO-01988,True
PO-01989,True
PO-01990,True
PO-01991,True
PO-01992,True
PO-01993,True
PO-01994,True
PO-01995,True
PO-01996,True
PO-01997,True
PO-01998,True
PO-01999,True
PO-02000,True
PO-02001,True
PO-02002,True
PO-02003,True
PO-02004,True
PO-02005,True
PO-02006,True
PO-02007,True
PO-02008,True
PO-02009,False
PO-02010,True
PO-02011,True
PO-02012,True
PO-02013,True
PO-02014,True
PO-02015,True
PO-02016,True
PO-02017,True
PO-02018,True
PO-02019,True
PO-02020,True
PO-02021,True
PO-02022,True
PO-02023,True
PO-02024,True
PO-02025,True
PO-02026,True
PO-02027,True
PO-02028,True
PO-02029,True
PO-02030,True
PO-02031,True
PO-02032,True
PO-02033,True
PO-02034,True
PO-02035,True
PO-02036,True
PO-02037,True
PO-02038,True
PO-02039,True
PO-02040,True
PO-02041,True
PO-02042,True
PO-02043,True
PO-02044,True
PO-02045,True
PO-02046,True
PO-02047,True
PO-02048,True
PO-02049,True
PO-02050,True
PO-02051,True
PO-02052,True
PO-02053,True
PO-02054,True
PO-02055,True
PO-02056,True
PO-02057,True
PO-02058,True
PO-02059,True
PO-02060,True
PO-02061,True
PO-02062,True
PO-02063,False
PO-02064,True
PO-02065,True
PO-02066,True
PO-02067,True
PO-02068,True
PO-02069,True
PO-02070,True
PO-02071,True
PO-02072,True
PO-02073,True
PO-02074,True
PO-02075,True
PO-02076,True
PO-02077,True
PO-02078,True
PO-02079,True
PO-02080,True
PO-02081,True
PO-02082,True
PO-02083,True
PO-02084,True
PO-02085,True
PO-02086,True
PO-02087,True
PO-02088,True
PO-02089,True
PO-02090,True
PO-02091,True
PO-02092,True
PO-02093,True
PO-02094,True
PO-02095,True
PO-02096,True
PO-02097,True
PO-02098,True
PO-02099,True
PO-02100,True
PO-02101,True
PO-02102,True
PO-02103,True
PO-02104,True
PO-02105,True
PO-02106,True
PO-02107,True
PO-02108,True
PO-02109,True
PO-02110,True
PO-02111,True
PO-02112,True
PO-02113,True
PO-02114,True
PO-02115,True
PO-02116,True
PO-02117,True
PO-02118,True
PO-02119,True
PO-02120,True
PO-02121,True
PO-02122,True
PO-02123,True
PO-02124,True
PO-02125,True
PO-02126,True
PO-02127,True
PO-02128,True
PO-02129,True
PO-02130,True
PO-02131,True
PO-02132,True
PO-02133,True
PO-02134,True
PO-02135,True
PO-02136,True
PO-02137,True
PO-02138,True
PO-02139,True
PO-02140,True
PO-02141,True
PO-02142,True
PO-02143,True
PO-02144,True
PO-02145,True
PO-02146,True
PO-02147,True
PO-02148,True
PO-02149,True
PO-02150,True
PO-02151,True
PO-02152,True
PO-02153,True
PO-02154,True
PO-02155,True
PO-02156,True
PO-02157,True
PO-02158,True
PO-02159,True
PO-02160,True
PO-02161,True
PO-02162,True
PO-02163,True
PO-02164,True
PO-02165,True
PO-02166,True
PO-02167,True
PO-02168,True
PO-02169,True
PO-02170,True
PO-02171,True
PO-02172,True
PO-02173,True
PO-02174,True
PO-02175,True
PO-02176,True
PO-02177,True
PO-02178,True
PO-02179,True
PO-02180,True
PO-02181,True
PO-02182,True
PO-02183,True
PO-02184,True
PO-02185,True
PO-02186,True
PO-02187,False
PO-02188,True
PO-02189,True
PO-02190,True
PO-02191,True
PO-02192,True
PO-02193,True
PO-02194,True
PO-02195,True
PO-02196,True
PO-02197,True
PO-02198,True
PO-02199,True
PO-02200,True
PO-02201,True
PO-02202,True
PO-02203,True
PO-02204,True
PO-02205,True
PO-02206,True
PO-02207,True
PO-02208,True
PO-02209,True
PO-02210,True
PO-02211,True
PO-02212,True
PO-02213,True
PO-02214,True
PO-02215,True
PO-02216,True
PO-02217,True
PO-02218,True
PO-02219,True
PO-02220,True
PO-02221,True
PO-02222,True
PO-02223,True
PO-02224,True
PO-02225,True
PO-02226,True
PO-02227,True
PO-02228,True
PO-02229,True
PO-02230,True
PO-02231,True
PO-02232,True
PO-02233,True
PO-02234,True
PO-02235,True
PO-02236,True
PO-02237,True
PO-02238,True
PO-02239,True
PO-02240,True
PO-02241,True
PO-02242,True
PO-02243,True
PO-02244,False
PO-02245,False
PO-02246,True
PO-02247,True
PO-02248,True
PO-02249,True
PO-02250,True
PO-02251,True
PO-02252,True
PO-02253,True
PO-02254,True
PO-02255,True
PO-02256,True
PO-02257,True
PO-02258,True
PO-02259,True
PO-02260,True
PO-02261,True
PO-02262,True
PO-02263,True
PO-02264,True
PO-02265,True
PO-02266,True
PO-02267,True
PO-02268,True
PO-02269,True
PO-02270,True
PO-02271,True
PO-02272,True
PO-02273,True
PO-02274,True
PO-02275,True
PO-02276,True
PO-02277,True
PO-02278,True
PO-02279,True
PO-02280,True
PO-02281,True
PO-02282,True
PO-02283,True
PO-02284,True
PO-02285,True
PO-02286,True
PO-02287,False
PO-02288,True
PO-02289,True
PO-02290,True
PO-02291,True
PO-02292,True
PO-02293,True
PO-02294,True
PO-02295,True
PO-02296,True
PO-02297,True
PO-02298,True
PO-02299,True
PO-02300,True
PO-02301,True
PO-02302,True
PO-02303,True
PO-02304,True
PO-02305,True
PO-02306,True
PO-02307,True
PO-02308,True
PO-02309,True
PO-02310,True
PO-02311,True
PO-02312,True
PO-02313,True
PO-02314,True
PO-02315,True
PO-02316,True
PO-02317,True
PO-02318,True
PO-02319,True
PO-02320,True
PO-02321,True
PO-02322,True
PO-02323,True
PO-02324,True
PO-02325,True
PO-02326,True
PO-02327,True
PO-02328,True
PO-02329,True
PO-02330,True
PO-02331,True
PO-02332,True
PO-02333,True
PO-02334,True
PO-02335,True
PO-02336,True
PO-02337,True
PO-02338,True
PO-02339,True
PO-02340,True
PO-02341,True
PO-02342,True
PO-02343,True
PO-02344,True
PO-02345,True
PO-02346,True
PO-02347,True
PO-02348,True
PO-02349,True
PO-02350,True
PO-02351,True
PO-02352,True
PO-02353,True
PO-02354,True
PO-02355,True
PO-02356,True
PO-02357,True
PO-02358,True
PO-02359,True
PO-02360,True
PO-02361,True
PO-02362,True
PO-02363,True
PO-02364,True
PO-02365,True
PO-02366,True
PO-02367,True
PO-02368,True
PO-02369,True
PO-02370,True
PO-02371,True
PO-02372,True
PO-02373,True
PO-02374,True
PO-02375,True
PO-02376,True
PO-02377,False
PO-02378,True
PO-02379,True
PO-02380,True
PO-02381,True
PO-02382,True
PO-02383,True
PO-02384,True
PO-02385,True
PO-02386,True
PO-02387,True
PO-02388,True
PO-02389,True
PO-02390,True
PO-02391,True
PO-02392,True
PO-02393,True
PO-02394,True
PO-02395,True
PO-02396,True
PO-02397,True
PO-02398,True
PO-02399,True
PO-02400,True
PO-02401,True
PO-02402,True
PO-02403,True
PO-02404,True
PO-02405,True
PO-02406,True
PO-02407,True
PO-02408,True
PO-02409,True
PO-02410,True
PO-02411,True
PO-02412,True
PO-02413,True
PO-02414,True
PO-02415,True
PO-02416,True
PO-02417,True
PO-02418,True
PO-02419,True
PO-02420,True
PO-02421,True
PO-02422,True
PO-02423,True
PO-02424,True
PO-02425,True
PO-02426,True
PO-02427,True
PO-02428,True
PO-02429,True
PO-02430,True
PO-02431,True
PO-02432,True
PO-02433,True
PO-02434,True
PO-02435,True
PO-02436,True
PO-02437,True
PO-02438,True
PO-02439,True
PO-02440,True
PO-02441,True
PO-02442,True
PO-02443,True
PO-02444,True
PO-02445,True
PO-02446,True
PO-02447,True
PO-02448,True
PO-02449,True
PO-02450,True
PO-02451,True
PO-02452,True
PO-02453,True
PO-02454,True
PO-02455,True
PO-02456,True
PO-02457,True
PO-02458,True
PO-02459,True
PO-02460,True
PO-02461,True
PO-02462,True
PO-02463,True
PO-02464,True
PO-02465,True
PO-02466,True
PO-02467,True
PO-02468,True
PO-02469,True
PO-02470,True
PO-02471,True
PO-02472,True
PO-02473,True
PO-02474,True
PO-02475,True
PO-02476,True
PO-02477,True
PO-02478,True
PO-02479,True
PO-02480,True
PO-02481,True
PO-02482,True
PO-02483,True
PO-02484,True
PO-02485,True
PO-02486,True
PO-02487,True
PO-02488,True
PO-02489,True
PO-02490,True
PO-02491,True
PO-02492,True
PO-02493,False
PO-02494,True
PO-02495,True
PO-02496,True
PO-02497,True
PO-02498,True
PO-02499,True
PO-02500,True
PO-02501,True
PO-02502,True
PO-02503,True
PO-02504,True
PO-02505,True
PO-02506,True
PO-02507,True
PO-02508,True
PO-02509,True
PO-02510,True
PO-02511,True
PO-02512,True
PO-02513,True
PO-02514,True
PO-02515,True
PO-02516,True
PO-02517,True
PO-02518,True
PO-02519,True
PO-02520,True
PO-02521,True
PO-02522,True
PO-02523,True
PO-02524,True
PO-02525,True
PO-02526,True
PO-02527,True
PO-02528,True
PO-02529,True
PO-02530,True
PO-02531,True
PO-02532,True
PO-02533,True
PO-02534,True
PO-02535,True
PO-02536,True
PO-02537,True
PO-02538,True
PO-02539,True
PO-02540,True
PO-02541,True
PO-02542,True
PO-02543,True
PO-02544,True
PO-02545,True
PO-02546,False
PO-02547,True
PO-02548,True
PO-02549,True
PO-02550,True
PO-02551,True
PO-02552,True
PO-02553,True
PO-02554,True
PO-02555,True
PO-02556,True
PO-02557,True
PO-02558,True
PO-02559,True
PO-02560,True
PO-02561,True
PO-02562,True
PO-02563,True
PO-02564,True
PO-02565,True
PO-02566,True
PO-02567,True
PO-02568,True
PO-02569,True
PO-02570,True
PO-02571,True
PO-02572,True
PO-02573,True
PO-02574,True
PO-02575,True
PO-02576,True
PO-02577,True
PO-02578,True
PO-02579,True
PO-02580,True
PO-02581,True
PO-02582,True
PO-02583,True
PO-02584,True
PO-02585,True
PO-02586,True
PO-02587,True
PO-02588,True
PO-02589,True
PO-02590,True
PO-02591,True
PO-02592,True
PO-02593,True
PO-02594,True
PO-02595,True
PO-02596,True
PO-02597,True
PO-02598,True
PO-02599,True
PO-02600,True
PO-02601,True
PO-02602,True
PO-02603,True
PO-02604,True
PO-02605,True
PO-02606,True
PO-02607,True
PO-02608,True
PO-02609,True
PO-02610,True
PO-02611,True
PO-02612,True
PO-02613,True
PO-02614,True
PO-02615,True
PO-02616,True
PO-02617,True
PO-02618,True
PO-02619,True
PO-02620,True
PO-02621,True
PO-02622,True
PO-02623,True
PO-02624,True
PO-02625,True
PO-02626,True
PO-02627,True
PO-02628,True
PO-02629,True
PO-02630,True
PO-02631,True
PO-02632,True
PO-02633,True
PO-02634,True
PO-02635,True
PO-02636,True
PO-02637,True
PO-02638,True
PO-02639,True
PO-02640,True
PO-02641,True
PO-02642,True
PO-02643,True
PO-02644,True
PO-02645,True
PO-02646,True
PO-02647,True
PO-02648,True
PO-02649,True
PO-02650,True
PO-02651,True
PO-02652,True
PO-02653,True
PO-02654,True
PO-02655,True
PO-02656,True
PO-02657,True
PO-02658,True
PO-02659,True
PO-02660,True
PO-02661,True
PO-02662,True
PO-02663,True
PO-02664,True
PO-02665,True
PO-02666,True
PO-02667,True
PO-02668,True
PO-02669,True
PO-02670,True
PO-02671,True
PO-02672,True
PO-02673,True
PO-02674,True
PO-02675,True
PO-02676,False
PO-02677,True
PO-02678,True
PO-02679,True
PO-02680,True
PO-02681,True
PO-02682,True
PO-02683,True
PO-02684,True
PO-02685,True
PO-02686,True
PO-02687,True
PO-02688,True
PO-02689,True
PO-02690,True
PO-02691,True
PO-02692,True
PO-02693,True
PO-02694,True
PO-02695,True
PO-02696,True
PO-02697,True
PO-02698,True
PO-02699,True
PO-02700,True
PO-02701,True
PO-02702,True
PO-02703,True
PO-02704,True
PO-02705,True
PO-02706,True
PO-02707,True
PO-02708,True
PO-02709,True
PO-02710,True
PO-02711,True
PO-02712,True
PO-02713,True
PO-02714,True
PO-02715,True
PO-02716,True
PO-02717,True
PO-02718,True
PO-02719,True
PO-02720,True
PO-02721,True
PO-02722,True
PO-02723,False
PO-02724,True
PO-02725,True
PO-02726,True
PO-02727,True
PO-02728,True
PO-02729,True
PO-02730,True
PO-02731,True
PO-02732,True
PO-02733,True
PO-02734,True
PO-02735,True
PO-02736,True
PO-02737,True
PO-02738,True
PO-02739,True
PO-02740,True
PO-02741,True
PO-02742,True
PO-02743,True
PO-02744,True
PO-02745,True
PO-02746,True
PO-02747,True
PO-02748,True
PO-02749,True
PO-02750,True
PO-02751,True
PO-02752,True
PO-02753,True
PO-02754,True
PO-02755,True
PO-02756,True
PO-02757,True
PO-02758,True
PO-02759,True
PO-02760,True
PO-02761,True
PO-02762,True
PO-02763,True
PO-02764,True
PO-02765,True
PO-02766,True
PO-02767,True
PO-02768,True
PO-02769,True
PO-02770,True
PO-02771,True
PO-02772,True
PO-02773,True
PO-02774,True
PO-02775,True
PO-02776,True
PO-02777,True
PO-02778,False
PO-02779,True
PO-02780,True
PO-02781,True
PO-02782,True
PO-02783,True
PO-02784,True
PO-02785,True
PO-02786,True
PO-02787,True
PO-02788,True
PO-02789,True
PO-02790,True
PO-02791,True
PO-02792,True
PO-02793,True
PO-02794,True
PO-02795,True
PO-02796,True
PO-02797,True
PO-02798,True
PO-02799,True
PO-02800,True
PO-02801,True
PO-02802,True
PO-02803,True
PO-02804,True
PO-02805,True
PO-02806,True
PO-02807,True
PO-02808,True
PO-02809,True
PO-02810,True
PO-02811,True
PO-02812,True
PO-02813,True
PO-02814,True
PO-02815,True
PO-02816,True
PO-02817,True
PO-02818,True
PO-02819,True
PO-02820,True
PO-02821,True
PO-02822,True
PO-02823,True
PO-02824,True
PO-02825,True
PO-02826,True
PO-02827,True
PO-02828,True
PO-02829,True
PO-02830,True
PO-02831,True
PO-02832,True
PO-02833,True
PO-02834,True
PO-02835,True
PO-02836,True
PO-02837,True
PO-02838,True
PO-02839,True
PO-02840,True
PO-02841,True
PO-02842,True
PO-02843,True
PO-02844,True
PO-02845,True
PO-02846,True
PO-02847,True
PO-02848,True
PO-02849,True
PO-02850,True
PO-02851,True
PO-02852,True
PO-02853,True
PO-02854,True
PO-02855,True
PO-02856,True
PO-02857,True
PO-02858,True
PO-02859,True
PO-02860,True
PO-02861,True
PO-02862,True
PO-02863,True
PO-02864,True
PO-02865,True
PO-02866,True
PO-02867,True
PO-02868,True
PO-02869,True
PO-02870,True
PO-02871,True
PO-02872,True
PO-02873,True
PO-02874,True
PO-02875,True
PO-02876,True
PO-02877,True
PO-02878,True
PO-02879,True
PO-02880,True
PO-02881,True
PO-02882,True
PO-02883,True
PO-02884,False
PO-02885,True
PO-02886,True
PO-02887,True
PO-02888,True
PO-02889,True
PO-02890,True
PO-02891,True
PO-02892,True
PO-02893,True
PO-02894,True
PO-02895,True
PO-02896,True
PO-02897,True
PO-02898,True
PO-02899,True
PO-02900,True
PO-02901,True
PO-02902,True
PO-02903,True
PO-02904,True
PO-02905,True
PO-02906,True
PO-02907,True
PO-02908,True
PO-02909,True
PO-02910,True
PO-02911,True
PO-02912,True
PO-02913,True
PO-02914,True
PO-02915,True
PO-02916,True
PO-02917,True
PO-02918,True
PO-02919,True
PO-02920,True
PO-02921,True
PO-02922,True
PO-02923,True
PO-02924,True
PO-02925,True
PO-02926,True
PO-02927,True
PO-02928,True
PO-02929,True
PO-02930,True
PO-02931,True
PO-02932,True
PO-02933,True
PO-02934,True
PO-02935,True
PO-02936,True
PO-02937,True
PO-02938,True
PO-02939,True
PO-02940,True
PO-02941,True
PO-02942,True
PO-02943,True
PO-02944,True
PO-02945,True
PO-02946,True
PO-02947,True
PO-02948,True
PO-02949,True
PO-02950,True
PO-02951,True
PO-02952,True
PO-02953,True
PO-02954,True
PO-02955,True
PO-02956,True
PO-02957,True
PO-02958,True
PO-02959,True
PO-02960,True
PO-02961,True
PO-02962,True
PO-02963,True
PO-02964,True
PO-02965,True
PO-02966,True
PO-02967,True
PO-02968,True
PO-02969,True
PO-02970,True
PO-02971,True
PO-02972,True
PO-02973,True
PO-02974,True
PO-02975,True
PO-02976,True
PO-02977,True
PO-02978,True
PO-02979,True
PO-02980,True
PO-02981,True
PO-02982,True
PO-02983,True
PO-02984,True
PO-02985,True
PO-02986,True
PO-02987,True
PO-02988,True
PO-02989,True
PO-02990,True
PO-02991,True
PO-02992,True
PO-02993,True
PO-02994,True
PO-02995,True
PO-02996,True
PO-02997,True
PO-02998,True
PO-02999,True
PO-03000,True
